FID,District,County,Route,Direction,distance,Year,Accidents,Lanes,Access1,Limited,AccessNum,AccessType,ID,RoadWidth,LaneWidth,InnerShoulderWidth,InnerShoulderTreatedWidth,OuterShoulderWidth,OuterShoulderTreatedWidth,DesignSpeedLimit,InnerMedianWidth,Terrain,Barrier,Surface
"1,877",7,LA,10,W,500.0000001,2014,0,1,2,1,1,buffer,768315,48,12,7,7,10,10,70,16,Flat,Metal Beam Barrier,Concrete
"2,067",7,LA,57,S,500.0000001,2014,0,1,2,1,2,mix,763588,70,11.7,5,5,10,10,70,10,Flat,Concrete Barrier,Concrete
"2,102",7,LA,60,E,500.0000001,2014,0,1,2,1,1,buffer,773493,48,12,0,0,8,8,70,22,Rolling,Concrete Barrier,Concrete
"2,158",7,LA,60,W,500.0000001,2014,0,1,1,0,2,mix,773423,48,12,8,8,8,8,70,22,Rolling,Concrete Barrier,Concrete
"2,162",7,LA,60,W,500.0000001,2014,0,1,1,0,2,mix,773478,48,12,8,8,8,8,70,22,Rolling,Concrete Barrier,Concrete
"2,339",7,LA,105,W,500.0000001,2014,0,1,2,1,2,mix,760147,52,13,10,10,9,9,70,90,Flat,Concrete Barrier,Bridge Deck
"2,343",7,LA,105,W,500.0000001,2014,0,1,2,1,1,buffer,760432,64,12.8,10,10,10,10,70,56,Flat,Concrete Barrier,Concrete
"2,351",7,LA,105,W,500.0000001,2014,0,1,2,1,1,buffer,760505,64,12.8,10,10,10,10,70,68,Flat,Concrete Barrier,Concrete
"2,385",7,LA,118,E,500.0000001,2014,0,1,2,1,1,buffer,766013,59,11.8,10,10,10,10,70,8,Flat,Concrete Barrier,Base & Surface
"2,531",7,LA,170,N,500.0000001,2014,0,1,2,1,2,mix,765614,35,11.7,0,0,0,0,55,10,Flat,No Barriers,Base & Surface
"2,618",7,LA,210,E,500.0000001,2014,0,1,1,0,2,mix,771606,52,13,11,11,10,10,70,24,Flat,Cable Barriers,Concrete
"2,626",7,LA,210,E,500.0000001,2014,0,1,2,1,1,buffer,767895,52,13,11,11,10,10,70,46,Flat,Concrete Barrier,Base & Surface
"2,644",7,LA,210,W,500.0000001,2014,0,1,1,0,2,mix,761353,60,12,2,2,10,10,70,6,Flat,Concrete Barrier,Concrete
"2,684",7,LA,210,W,500.0000001,2014,0,1,1,0,3,mix,772860,72,12,2,2,10,10,70,30,Flat,Concrete Barrier,Bridge Deck
"2,699",7,LA,210,W,500.0000001,2014,0,1,2,1,1,buffer,767954,52,13,22,22,10,10,70,46,Flat,Concrete Barrier,Base & Surface
"2,700",7,LA,210,W,500.0000001,2014,0,1,2,1,3,mix,767909,52,13,11,11,10,10,70,46,Flat,Concrete Barrier,Base & Surface
"2,761",7,LA,405,N,500.0000001,2014,0,1,2,1,1,buffer,761532,56,11.2,2,2,10,10,70,20,Flat,Concrete Barrier,Bridge Deck
"2,822",7,LA,405,N,500.0000001,2014,0,1,2,1,1,buffer,767369,56,11.2,3,3,10,10,70,20,Flat,Concrete Barrier,Concrete
"2,823",7,LA,405,N,500.0000001,2014,0,1,2,1,1,buffer,767369,56,11.2,3,3,10,10,70,20,Flat,Concrete Barrier,Concrete
"2,836",7,LA,405,N,500.0000001,2014,0,1,1,0,2,mix,775193,56,11.2,8,8,10,10,70,22,Mountainous,Concrete Barrier,Base & Surface
"2,866",7,LA,405,N,500.0000001,2014,0,1,2,1,1,buffer,771810,56,11.2,15,15,10,10,70,6,Flat,Concrete Barrier,Concrete
"2,869",7,LA,405,N,500.0000001,2014,0,1,2,1,1,buffer,772012,56,11.2,2,2,10,10,70,6,Rolling,Concrete Barrier,Concrete
"2,925",7,LA,405,S,500.0000001,2014,0,1,2,1,1,buffer,771916,67,11.2,2,2,10,10,70,6,Flat,Concrete Barrier,Concrete
"2,927",7,LA,405,S,500.0000001,2014,0,1,2,1,2,mix,769219,72,12,10,10,10,10,70,22,Flat,Concrete Barrier,Concrete
"2,983",7,LA,405,S,500.0000001,2014,0,1,2,1,1,buffer,775186,48,12,8,8,10,10,70,22,Mountainous,Concrete Barrier,Base & Surface
"3,012",7,LA,405,S,500.0000001,2014,0,1,1,0,2,mix,775290,48,12,8,8,10,10,70,14,Mountainous,Concrete Barrier,Concrete
"3,058",7,LA,605,N,500.0000001,2014,0,1,2,1,2,mix,763693,68,11.3,2,2,10,10,70,6,Flat,Concrete Barrier,Bridge Deck
"3,072",7,LA,605,N,500.0000001,2014,0,1,2,1,1,buffer,766518,48,12,8,8,10,10,70,36,Flat,Concrete Barrier,Concrete
"3,080",7,LA,605,N,500.0000001,2014,0,1,2,1,1,buffer,762634,56,11.2,2,2,10,10,70,6,Flat,Concrete Barrier,Bridge Deck
"3,083",7,LA,605,N,500.0000001,2014,0,1,2,1,1,buffer,775691,56,11.2,2,2,0,0,70,6,Flat,Concrete Barrier,Concrete
"3,091",7,LA,605,N,500.0000001,2014,0,1,2,1,3,mix,775691,56,11.2,2,2,0,0,70,6,Flat,Concrete Barrier,Concrete
"3,122",7,LA,605,S,500.0000001,2014,0,1,1,0,2,mix,762620,56,11.2,2,2,10,10,70,6,Flat,Concrete Barrier,Concrete
"3,133",7,LA,605,S,500.0000001,2014,0,1,2,1,2,mix,766532,48,12,8,8,10,10,70,36,Flat,Concrete Barrier,Concrete
"3,137",7,LA,605,S,500.0000001,2014,0,1,2,1,1,buffer,762648,48,12,8,8,10,10,70,36,Flat,Concrete Barrier,Concrete
"3,143",7,LA,605,S,500.0000001,2014,0,1,2,1,2,mix,762685,56,11.2,2,2,10,10,70,6,Flat,Concrete Barrier,Bridge Deck
"3,155",7,LA,605,S,500.0000001,2014,0,1,2,1,1,buffer,763687,56,11.2,2,2,10,10,70,6,Flat,Concrete Barrier,Concrete
"3,323",8,SBD,60,W,500.0000001,2014,0,1,1,0,2,mix,825866,36,12,5,5,10,10,70,70,Flat,Guardrail,Concrete
"3,590",8,SBD,210,E,500.0000001,2014,0,1,2,1,1,buffer,808994,52,13,10,10,10,10,70,45,Flat,Concrete Barrier,Concrete
"3,616",8,SBD,210,E,500.0000001,2014,0,1,1,0,2,mix,813016,52,13,11,11,11,11,70,45,Flat,Bridge barrier,Concrete
"3,629",8,SBD,210,E,500.0000001,2014,0,1,2,1,1,buffer,825953,52,13,11,11,11,11,70,45,Flat,Bridge barrier,Concrete
"3,642",8,SBD,210,W,500.0000001,2014,0,1,1,0,1,continuous,819576,52,13,10,10,10,10,70,45,Flat,Concrete Barrier,Concrete
"3,654",8,SBD,210,W,500.0000001,2014,0,1,1,0,1,continuous,809236,52,13,10,10,10,10,70,45,Flat,Concrete Barrier,Concrete
"3,729",8,SBD,215,N,500.0000001,2014,0,1,1,0,1,continuous,826521,48,12,0,0,13,10,70,22,Flat,Metal Beam Barrier,Concrete
"3,742",8,SBD,215,N,500.0000001,2014,0,1,1,0,1,continuous,826521,48,12,0,0,13,10,70,22,Flat,Metal Beam Barrier,Concrete
"3,778",8,RIV,215,S,500.0000001,2014,0,1,1,0,1,continuous,825733,36,12,8,8,11,8,70,18,Flat,Concrete Barrier,Base & Surface
"3,862",11,SD,805,N,500.0000001,2014,0,1,1,0,2,mix,1125505,48,12,8,8,10,10,70,42,Flat,Concrete Barrier,Concrete
"3,873",11,SD,805,N,500.0000001,2014,0,1,1,0,1,continuous,1126321,60,12,8,8,13,10,70,46,Flat,Metal Beam Barrier,Concrete
"3,939",12,ORA,5,N,500.0000001,2014,0,2,2,1,3,mix,1211133,100,12.5,5,5,10,10,70,10,Flat,Concrete Barrier,Concrete
"3,951",12,ORA,5,N,500.0000001,2014,0,1,1,0,1,continuous,1211108,64,12.8,10,10,10,10,70,80,Flat,Concrete Barrier,Concrete
"3,958",12,ORA,5,N,500.0000001,2014,0,1,1,0,1,continuous,1210075,62,12.4,8,8,10,10,70,18,Flat,Concrete Barrier,Concrete
"3,982",12,ORA,5,N,500.0000001,2014,0,1,2,1,1,buffer,1210087,62,12.4,8,8,10,10,70,18,Flat,Concrete Barrier,Bridge Deck
"3,984",12,ORA,5,N,500.0000001,2014,0,1,2,1,1,buffer,1213708,62,12.4,8,8,10,10,70,18,Flat,Concrete Barrier,Concrete
"4,040",12,ORA,5,S,500.0000001,2014,0,1,2,1,1,buffer,1211087,88,12.6,10,10,10,10,70,22,Flat,Concrete Barrier,Concrete
"4,099",12,ORA,5,S,500.0000001,2014,0,1,2,1,1,buffer,1204942,76,12.7,12,12,10,10,70,26,Flat,Concrete Barrier,Base & Surface
"4,150",12,ORA,22,E,500.0000001,2014,0,1,1,0,1,continuous,1215001,36,12,5,5,8,8,70,14,Flat,Concrete Barrier,Concrete
"4,161",12,ORA,22,E,500.0000001,2014,0,1,1,0,1,continuous,1214868,36,12,5,5,8,8,70,14,Flat,Concrete Barrier,Concrete
"4,175",12,ORA,22,E,500.0000001,2014,0,1,1,0,1,continuous,1215051,36,12,5,5,8,8,70,14,Flat,Concrete Barrier,Concrete
"4,205",12,ORA,22,W,500.0000001,2014,0,1,1,0,1,continuous,1214785,36,12,5,5,8,8,70,14,Flat,Concrete Barrier,Concrete
"4,277",12,ORA,55,S,500.0000001,2014,0,1,1,0,1,continuous,1212839,44,11,2,2,8,8,70,6,Flat,Concrete Barrier,Base & Surface
"4,366",12,ORA,91,E,500.0000001,2014,0,1,1,0,2,mix,1219025,36,12,0,0,8,8,70,22,Flat,Concrete Barrier,Concrete
"4,416",12,ORA,91,W,500.0000001,2014,0,1,1,0,1,continuous,1213890,48,12,11,11,10,10,70,22,Flat,Concrete Barrier,Bridge Deck
"4,444",12,ORA,405,N,500.0000001,2014,0,1,2,1,2,mix,1201851,62,12.4,3,3,10,10,70,8,Flat,Concrete Barrier,Concrete
"4,454",12,ORA,405,N,500.0000001,2014,0,1,2,1,1,buffer,1209244,69,11.5,13,13,10,10,70,18,Flat,Concrete Barrier,Concrete
"4,460",12,ORA,405,N,500.0000001,2014,0,1,2,1,1,buffer,1214260,62,12.4,3,3,10,10,70,8,Flat,Concrete Barrier,Concrete
"4,490",12,ORA,405,N,500.0000001,2014,0,1,2,1,2,mix,1201209,62,12.4,10,10,10,10,70,48,Flat,Concrete Barrier,Concrete
"4,502",12,ORA,405,N,500.0000001,2014,0,1,2,1,2,mix,1201971,60,12,5,5,10,10,70,12,Flat,Concrete Barrier,Concrete
"4,520",12,ORA,405,S,500.0000001,2014,0,1,2,1,1,buffer,1209292,62,12.4,3,3,10,10,70,8,Flat,Concrete Barrier,Concrete
"4,548",12,ORA,405,S,500.0000001,2014,0,1,2,1,1,buffer,1201348,72,12,13,13,10,10,70,18,Flat,Concrete Barrier,Concrete
"4,549",12,ORA,405,S,500.0000001,2014,0,1,2,1,1,buffer,1209190,74,14.8,23,23,10,10,70,48,Flat,Concrete Barrier,Concrete
"1,796",7,LA,5,N,500.0000002,2014,0,1,2,1,1,buffer,771150,36,12,8,8,10,10,70,22,Flat,Concrete Barrier,Concrete
"1,828",7,LA,5,S,500.0000002,2014,0,1,2,1,1,buffer,771153,72,12,8,8,10,10,70,22,Flat,Concrete Barrier,Concrete
"1,850",7,LA,10,E,500.0000002,2014,0,1,2,1,2,mix,768304,48,12,7,7,10,10,70,16,Flat,Metal Beam Barrier,Concrete
"2,087",7,LA,60,E,500.0000002,2014,0,1,2,1,1,buffer,773440,48,12,0,0,8,8,70,22,Rolling,Concrete Barrier,Concrete
"2,118",7,LA,60,E,500.0000002,2014,0,1,2,1,1,buffer,766599,62,12.4,8,8,10,10,70,18,Rolling,Concrete Barrier,Base & Surface
"2,147",7,LA,60,W,500.0000002,2014,0,1,2,1,1,buffer,775343,48,12,8,8,8,8,70,22,Rolling,Concrete Barrier,Concrete
"2,156",7,LA,60,W,500.0000002,2014,0,1,1,0,2,mix,773491,48,12,8,8,8,8,70,22,Rolling,Concrete Barrier,Concrete
"2,161",7,LA,60,W,500.0000002,2014,0,1,2,1,1,buffer,774624,48,12,8,8,8,8,70,22,Rolling,Concrete Barrier,Concrete
"2,164",7,LA,60,W,500.0000002,2014,0,1,2,1,2,mix,774948,78,11.1,2,2,8,8,70,6,Rolling,Concrete Barrier,Concrete
"2,201",7,LA,91,E,500.0000002,2014,0,1,2,1,1,buffer,765594,60,12,8,8,0,0,70,99,Flat,Bridge barrier,Concrete
"2,402",7,LA,118,E,500.0000002,2014,0,1,2,1,1,buffer,765979,70,11.7,3,3,10,10,70,6,Rolling,Concrete Barrier,Concrete
"2,475",7,LA,134,E,500.0000002,2014,0,1,2,1,1,buffer,774013,56,11.2,3,3,8,8,70,22,Rolling,Concrete Barrier,Concrete
"2,498",7,LA,134,W,500.0000002,2014,0,1,2,1,1,buffer,773998,68,11.3,3,3,10,10,70,8,Rolling,Concrete Barrier,Concrete
"2,600",7,LA,210,E,500.0000002,2014,0,1,2,1,1,buffer,772955,60,12,2,2,10,10,70,6,Flat,Concrete Barrier,Bridge Deck
"2,842",7,LA,405,N,500.0000002,2014,0,1,2,1,2,mix,762569,56,11.2,2,2,0,0,70,6,Flat,Concrete Barrier,Bridge Deck
"2,854",7,LA,405,N,500.0000002,2014,0,1,2,1,1,buffer,775139,56,11.2,2,2,10,10,70,14,Mountainous,Concrete Barrier,Base & Surface
"2,899",7,LA,405,S,500.0000002,2014,0,1,1,0,1,continuous,771926,56,11.2,2,2,10,10,70,6,Flat,Concrete Barrier,Concrete
"2,948",7,LA,405,S,500.0000002,2014,0,1,2,1,1,buffer,761548,56,11.2,2,2,10,10,70,6,Flat,Concrete Barrier,Concrete
"2,979",7,LA,405,S,500.0000002,2014,0,1,2,1,1,buffer,767368,56,11.2,15,15,10,10,70,20,Flat,Concrete Barrier,Concrete
"3,060",7,LA,605,N,500.0000002,2014,0,1,2,1,1,buffer,762612,48,12,10,10,10,10,70,36,Flat,Concrete Barrier,Concrete
"3,066",7,LA,605,N,500.0000002,2014,0,1,2,1,1,buffer,763658,68,11.3,2,2,10,10,70,6,Flat,Concrete Barrier,Concrete
"3,111",7,LA,605,S,500.0000002,2014,0,1,1,0,2,mix,766525,48,12,8,8,10,10,70,36,Flat,Concrete Barrier,Concrete
"3,165",8,SBD,10,E,500.0000002,2014,0,1,2,1,1,buffer,806584,48,12,7,7,10,10,70,16,Flat,Metal Beam Barrier,Concrete
"3,289",8,RIV,60,E,500.0000002,2014,0,1,1,0,1,continuous,820735,24,12,5,2,8,8,70,46,Rolling,No Barriers,Base & Surface
"3,387",8,RIV,60,W,500.0000002,2014,0,1,1,0,2,mix,823460,36,12,5,5,13,10,70,70,Flat,Concrete Barrier,Concrete
"3,393",8,SBD,71,N,500.0000002,2014,0,1,2,1,1,buffer,812658,52,13,10,10,10,10,70,22,Rolling,Concrete Barrier,Concrete
"3,417",8,SBD,71,S,500.0000002,2014,0,1,2,1,1,buffer,812777,52,13,16,16,8,8,70,22,Rolling,Concrete Barrier,Concrete
"3,433",8,SBD,71,S,500.0000002,2014,0,1,2,1,1,buffer,812610,64,12.8,15,15,10,10,70,22,Rolling,Concrete Barrier,Concrete
"3,615",8,SBD,210,E,500.0000002,2014,0,1,2,1,2,mix,809125,52,13,11,11,11,11,70,45,Flat,Bridge barrier,Concrete
"3,671",8,SBD,210,W,500.0000002,2014,0,1,1,0,1,continuous,819461,52,13,11,11,11,11,70,45,Flat,Bridge barrier,Concrete
"3,752",8,RIV,215,S,500.0000002,2014,0,1,1,0,1,continuous,825748,36,12,8,8,11,8,70,18,Flat,Concrete Barrier,Base & Surface
"3,755",8,SBD,215,S,500.0000002,2014,0,1,1,0,1,continuous,823285,24,12,5,2,8,8,70,60,Rolling,Metal Beam Barrier,Concrete
"3,783",8,SBD,215,S,500.0000002,2014,0,1,1,0,1,continuous,825712,48,12,0,0,10,10,70,22,Flat,Metal Beam Barrier,Base & Surface
"3,825",11,SD,5,S,500.0000002,2014,0,1,2,1,1,buffer,1120388,60,12,9,9,10,10,70,36,Rolling,Concrete Barrier,Concrete
"3,828",11,SD,5,S,500.0000002,2014,0,1,2,1,1,buffer,1120377,48,12,9,9,10,10,70,36,Rolling,Metal Beam Barrier,Concrete
"3,985",12,ORA,5,N,500.0000002,2014,0,1,1,0,1,continuous,1213568,62,12.4,8,8,10,10,70,18,Flat,Concrete Barrier,Concrete
"4,008",12,ORA,5,N,500.0000002,2014,0,2,2,1,2,mix,1212217,36,12,5,5,10,10,70,18,Flat,Metal Beam Barrier,Base & Surface
"4,030",12,ORA,5,N,500.0000002,2014,0,1,2,1,1,buffer,1216485,36,12,5,5,10,10,70,99,Flat,No Barriers,Concrete
"4,093",12,ORA,5,S,500.0000002,2014,0,1,2,1,1,buffer,1204902,76,12.7,12,12,10,10,70,26,Flat,Concrete Barrier,Base & Surface
"4,126",12,ORA,5,S,500.0000002,2014,0,1,2,1,1,buffer,1212579,36,12,2,2,8,8,70,12,Flat,Metal Beam Barrier,Concrete
"4,148",12,ORA,22,E,500.0000002,2014,0,1,1,0,1,continuous,1215128,36,12,5,5,8,8,70,22,Flat,Concrete Barrier,Bridge Deck
"4,178",12,ORA,22,E,500.0000002,2014,0,1,1,0,1,continuous,1214936,36,12,5,5,8,8,70,14,Flat,Concrete Barrier,Concrete
"4,196",12,ORA,22,W,500.0000002,2014,0,1,1,0,1,continuous,1214727,36,12,8,8,10,10,70,22,Flat,Concrete Barrier,Bridge Deck
"4,471",12,ORA,405,N,500.0000002,2014,0,1,1,0,2,mix,1201304,74,14.8,10,10,10,10,70,18,Flat,Concrete Barrier,Concrete
"4,479",12,ORA,405,N,500.0000002,2014,0,1,2,1,2,mix,1201397,84,12,8,8,10,10,70,18,Flat,Concrete Barrier,Concrete
"1,780",7,LA,5,N,500.0000003,2014,0,1,1,0,2,mix,775463,67,11.2,3,3,10,10,70,15,Flat,Concrete Barrier,Concrete
"1,807",7,LA,5,S,500.0000003,2014,0,1,2,1,2,mix,775407,84,12,10,10,10,10,70,15,Flat,Concrete Barrier,Concrete
"1,819",7,LA,5,S,500.0000003,2014,0,1,2,1,1,buffer,771147,69,17.3,0,0,0,0,70,6,Flat,Concrete Barrier,Bridge Deck
"2,060",7,LA,57,S,500.0000003,2014,0,1,2,1,1,buffer,774829,60,12,2,2,10,10,60,6,Flat,Concrete Barrier,Concrete
"2,084",7,LA,60,E,500.0000003,2014,0,1,2,1,1,buffer,773493,48,12,0,0,8,8,70,22,Rolling,Concrete Barrier,Concrete
"2,160",7,LA,60,W,500.0000003,2014,0,1,2,1,1,buffer,774624,48,12,8,8,8,8,70,22,Rolling,Concrete Barrier,Concrete
"2,300",7,LA,105,E,500.0000003,2014,0,1,2,1,1,buffer,760213,52,13,10,10,9,9,70,55,Flat,Concrete Barrier,Bridge Deck
"2,383",7,LA,118,E,500.0000003,2014,0,1,2,1,1,buffer,765921,58,11.6,3,3,10,10,70,6,Mountainous,Concrete Barrier,Bridge Deck
"2,393",7,LA,118,E,500.0000003,2014,0,1,2,1,1,buffer,765979,70,11.7,3,3,10,10,70,6,Rolling,Concrete Barrier,Concrete
"2,455",7,LA,134,E,500.0000003,2014,0,1,1,0,2,mix,761005,57,11.4,2,2,10,10,70,6,Rolling,Concrete Barrier,Concrete
"2,487",7,LA,134,W,500.0000003,2014,0,1,1,0,2,mix,774034,56,11.2,3,3,10,10,70,22,Rolling,Concrete Barrier,Concrete
"2,495",7,LA,134,W,500.0000003,2014,0,1,2,1,1,buffer,773998,68,11.3,3,3,10,10,70,8,Rolling,Concrete Barrier,Concrete
"2,623",7,LA,210,E,500.0000003,2014,0,1,2,1,1,buffer,768025,64,12.8,22,22,10,10,70,46,Flat,Concrete Barrier,Base & Surface
"2,635",7,LA,210,E,500.0000003,2014,0,1,2,1,3,mix,767895,52,13,11,11,10,10,70,46,Flat,Concrete Barrier,Base & Surface
"2,658",7,LA,210,W,500.0000003,2014,0,1,2,1,1,buffer,761386,72,12,2,2,10,10,70,6,Flat,Concrete Barrier,Concrete
"2,679",7,LA,210,W,500.0000003,2014,0,1,2,1,3,mix,761371,60,12,2,2,10,10,70,6,Flat,Concrete Barrier,Bridge Deck
"2,683",7,LA,210,W,500.0000003,2014,0,1,2,1,1,buffer,772860,72,12,2,2,10,10,70,30,Flat,Concrete Barrier,Bridge Deck
"2,691",7,LA,210,W,500.0000003,2014,0,1,2,1,1,buffer,773180,59,11.8,2,2,9,9,70,56,Flat,Concrete Barrier,Concrete
"2,778",7,LA,405,N,500.0000003,2014,0,1,2,1,1,buffer,717761,56,11.2,0,0,10,10,70,6,Flat,Concrete Barrier,Bridge Deck
"2,800",7,LA,405,N,500.0000003,2014,0,1,2,1,1,buffer,762543,56,11.2,2,2,10,10,70,6,Flat,Concrete Barrier,Concrete
"2,865",7,LA,405,N,500.0000003,2014,0,1,2,1,1,buffer,762573,56,11.2,15,15,10,10,70,6,Flat,Concrete Barrier,Concrete
"2,985",7,LA,405,S,500.0000003,2014,0,1,2,1,1,buffer,765263,56,11.2,1,1,10,10,70,6,Flat,Concrete Barrier,Bridge Deck
"3,005",7,LA,405,S,500.0000003,2014,0,1,2,1,2,mix,775123,48,12,8,8,10,10,70,14,Mountainous,Concrete Barrier,Base & Surface
"3,027",7,LA,405,S,500.0000003,2014,0,1,2,1,1,buffer,771998,45,11.3,2,2,0,0,70,6,Rolling,Concrete Barrier,Concrete
"3,079",7,LA,605,N,500.0000003,2014,0,1,2,1,1,buffer,762631,56,11.2,2,2,10,10,70,6,Flat,Concrete Barrier,Concrete
"3,105",7,LA,605,S,500.0000003,2014,0,1,2,1,1,buffer,763656,48,12,10,10,10,10,70,36,Flat,Concrete Barrier,Concrete
"3,196",8,SBD,10,W,500.0000003,2014,0,1,2,1,1,buffer,820070,48,12,8,8,10,10,70,16,Flat,Metal Beam Barrier,Concrete
"3,396",8,SBD,71,N,500.0000003,2014,0,1,1,0,2,mix,826176,24,12,10,10,10,10,70,22,Rolling,Concrete Barrier,Concrete
"3,408",8,SBD,71,N,500.0000003,2014,0,1,2,1,2,mix,812652,52,13,10,10,10,10,70,22,Rolling,Concrete Barrier,Bridge Deck
"3,430",8,SBD,71,S,500.0000003,2014,0,1,1,0,2,mix,823570,52,13,10,10,10,10,70,22,Rolling,Concrete Barrier,Bridge Deck
"3,579",8,SBD,210,E,500.0000003,2014,0,1,2,1,1,buffer,809334,52,13,10,10,10,10,70,45,Flat,Concrete Barrier,Concrete
"3,651",8,SBD,210,W,500.0000003,2014,0,1,1,0,1,continuous,826067,52,13,10,10,10,10,70,45,Flat,Concrete Barrier,Concrete
"3,670",8,SBD,210,W,500.0000003,2014,0,1,1,0,1,continuous,822175,52,13,11,11,11,11,70,45,Flat,Bridge barrier,Concrete
"3,703",8,SBD,210,W,500.0000003,2014,0,1,1,0,1,continuous,819473,52,13,11,11,11,11,70,45,Flat,Concrete Barrier,Concrete
"3,812",11,SD,5,N,500.0000003,2014,0,1,2,1,1,buffer,1120385,48,12,8,8,11,11,70,36,Rolling,Concrete Barrier,Concrete
"3,854",11,SD,805,N,500.0000003,2014,0,1,2,1,1,buffer,1125946,60,12,8,8,10,10,70,30,Flat,Concrete Barrier,Concrete
"3,945",12,ORA,5,N,500.0000003,2014,0,1,2,1,2,mix,1221131,64,12.8,12,12,10,10,70,26,Flat,Concrete Barrier,Base & Surface
"4,036",12,ORA,5,S,500.0000003,2014,0,1,2,1,1,buffer,1210994,76,12.7,16,16,10,10,70,22,Flat,Concrete Barrier,Concrete
"4,052",12,ORA,5,S,500.0000003,2014,0,1,1,0,2,mix,1204714,64,12.8,13,13,10,10,70,26,Flat,Concrete Barrier,Base & Surface
"4,105",12,ORA,5,S,500.0000003,2014,0,1,2,1,1,buffer,1213526,86,12.3,8,8,10,10,70,18,Flat,Concrete Barrier,Concrete
"4,141",12,ORA,5,S,500.0000003,2014,0,1,2,1,3,mix,1212610,48,12,2,2,10,10,70,18,Flat,Metal Beam Barrier,Concrete
"4,240",12,ORA,55,N,500.0000003,2014,0,1,1,0,1,continuous,1212900,44,11,2,2,6,6,70,6,Flat,Concrete Barrier,Bridge Deck
"4,243",12,ORA,55,N,500.0000003,2014,0,1,1,0,1,continuous,1212864,44,11,2,2,2,2,70,6,Flat,Concrete Barrier,Base & Surface
"4,279",12,ORA,55,S,500.0000003,2014,0,1,1,0,1,continuous,1212902,44,11,2,2,4,4,70,6,Flat,Concrete Barrier,Base & Surface
"4,405",12,ORA,91,W,500.0000003,2014,0,1,1,0,1,continuous,1213778,36,12,0,0,8,8,70,14,Flat,Concrete Barrier,Concrete
"4,420",12,ORA,91,W,500.0000003,2014,0,1,1,0,2,mix,1214064,60,12,11,11,8,8,70,22,Flat,Concrete Barrier,Concrete
"4,453",12,ORA,405,N,500.0000003,2014,0,1,2,1,1,buffer,1217568,68,11.3,3,3,10,10,70,18,Flat,Concrete Barrier,Concrete
"4,517",12,ORA,405,S,500.0000003,2014,0,1,2,1,2,mix,1209218,62,12.4,3,3,10,10,70,8,Flat,Concrete Barrier,Concrete
"4,577",12,ORA,405,S,500.0000003,2014,0,1,2,1,2,mix,1201975,60,12,5,5,10,10,70,12,Flat,Concrete Barrier,Concrete
"1,781",7,LA,5,N,500.0000004,2014,0,1,2,1,2,mix,775463,67,11.2,3,3,10,10,70,15,Flat,Concrete Barrier,Concrete
"1,830",7,LA,5,S,500.0000004,2014,0,1,1,0,1,continuous,774345,48,12,8,8,10,10,70,30,Flat,Concrete Barrier,Concrete
"2,236",7,LA,91,W,500.0000004,2014,0,1,2,1,1,buffer,717400,68,11.3,2,2,2,2,70,18,Flat,Concrete Barrier,Concrete
"2,336",7,LA,105,W,500.0000004,2014,0,1,2,1,1,buffer,760525,52,13,10,10,9,9,70,68,Flat,Concrete Barrier,Concrete
"2,381",7,LA,118,E,500.0000004,2014,0,1,2,1,1,buffer,717542,71,11.8,4,4,10,10,70,8,Flat,Concrete Barrier,Concrete
"2,584",7,LA,210,E,500.0000004,2014,0,1,2,1,1,buffer,761105,60,12,12,12,10,10,70,66,Flat,Concrete Barrier,Concrete
"2,680",7,LA,210,W,500.0000004,2014,0,1,2,1,1,buffer,761322,82,11.7,2,2,10,10,70,46,Flat,Concrete Barrier,Concrete
"2,731",7,LA,405,N,500.0000004,2014,0,1,1,0,2,mix,764613,60,12,10,10,10,10,70,12,Flat,Concrete Barrier,Base & Surface
"2,773",7,LA,405,N,500.0000004,2014,0,1,2,1,1,buffer,762561,45,11.3,2,2,10,10,70,6,Flat,Concrete Barrier,Concrete
"3,042",7,LA,605,N,500.0000004,2014,0,1,2,1,1,buffer,717882,68,11.3,2,2,10,10,70,6,Flat,Concrete Barrier,Concrete
"3,054",7,LA,605,N,500.0000004,2014,0,1,2,1,1,buffer,717899,45,11.3,2,2,10,10,70,6,Flat,Concrete Barrier,Concrete
"3,132",7,LA,605,S,500.0000004,2014,0,1,2,1,2,mix,762620,56,11.2,2,2,10,10,70,6,Flat,Concrete Barrier,Concrete
"3,208",8,SBD,10,W,500.0000004,2014,0,1,1,0,2,mix,806617,48,12,8,8,10,10,70,24,Flat,Concrete Barrier,Concrete
"3,209",8,SBD,10,W,500.0000004,2014,0,1,1,0,2,mix,825944,48,12,7,7,10,10,70,16,Flat,Metal Beam Barrier,Concrete
"3,290",8,RIV,60,E,500.0000004,2014,0,1,1,0,1,continuous,824055,24,12,5,2,8,8,70,46,Rolling,No Barriers,Base & Surface