FID,District,County,Route,Direction,distance,Year,Accidents,Lanes,Access1,Limited,AccessNum,AccessType,ID,RoadWidth,LaneWidth,InnerShoulderWidth,InnerShoulderTreatedWidth,OuterShoulderWidth,OuterShoulderTreatedWidth,DesignSpeedLimit,InnerMedianWidth,Terrain,Barrier,Surface
"2,456",7,LA,134,E,499.9999996,2014,1,1,2,1,1,buffer,774056,68,11.3,2,2,8,8,70,6,Rolling,Concrete Barrier,Bridge Deck
"2,877",7,LA,405,N,499.9999996,2014,1,1,2,1,1,buffer,771810,56,11.2,15,15,10,10,70,6,Flat,Concrete Barrier,Concrete
"3,314",8,RIV,60,W,499.9999996,2014,1,1,1,0,1,continuous,820737,24,12,5,2,8,8,70,46,Rolling,No Barriers,Base & Surface
"3,406",8,SBD,71,N,499.9999996,2014,1,1,2,1,1,buffer,812832,40,13.3,10,10,10,10,70,30,Rolling,Concrete Barrier,Concrete
"3,517",8,RIV,91,W,499.9999996,2014,1,2,2,2,1,barrier,824883,56,11.2,8,8,8,8,70,6,Rolling,Concrete Barrier,Concrete
"4,539",12,ORA,405,S,499.9999996,2014,1,1,2,1,1,buffer,1201417,86,12.3,8,8,2,2,70,8,Flat,Concrete Barrier,Concrete
"2,105",7,LA,60,E,499.9999997,2014,1,1,2,1,1,buffer,775335,48,12,0,0,8,8,70,22,Rolling,Concrete Barrier,Concrete
"2,132",7,LA,60,W,499.9999997,2014,1,1,1,0,2,mix,773459,48,12,8,8,8,8,70,15,Rolling,Concrete Barrier,Concrete
"2,150",7,LA,60,W,499.9999997,2014,1,1,2,1,1,buffer,775337,48,12,8,8,8,8,70,22,Rolling,Concrete Barrier,Concrete
"2,320",7,LA,105,E,499.9999997,2014,1,1,2,1,1,buffer,760242,64,12.8,10,10,9,9,70,50,Flat,Concrete Barrier,Concrete
"2,322",7,LA,105,E,499.9999997,2014,1,1,1,0,2,mix,760329,64,12.8,10,10,10,10,70,40,Flat,Concrete Barrier,Concrete
"2,326",7,LA,105,W,499.9999997,2014,1,1,2,1,1,buffer,760585,52,13,10,10,10,10,70,56,Flat,Concrete Barrier,Concrete
"2,332",7,LA,105,W,499.9999997,2014,1,1,2,1,1,buffer,760442,64,12.8,10,10,9,9,70,56,Flat,Concrete Barrier,Concrete
"2,419",7,LA,118,W,499.9999997,2014,1,1,2,1,1,buffer,766028,71,11.8,4,4,10,10,70,8,Flat,Concrete Barrier,Base & Surface
"2,447",7,LA,134,E,499.9999997,2014,1,1,2,1,1,buffer,760994,55,11,2,2,8,8,70,22,Flat,No Barriers,Bridge Deck
"2,518",7,LA,170,N,499.9999997,2014,1,1,2,1,1,buffer,765616,55,13.8,2,2,0,0,70,4,Flat,Concrete Barrier,Concrete
"3,006",7,LA,405,S,499.9999997,2014,1,1,1,0,1,continuous,775251,48,12,8,8,10,10,70,22,Mountainous,Concrete Barrier,Bridge Deck
"3,078",7,LA,605,N,499.9999997,2014,1,1,2,1,1,buffer,762631,56,11.2,2,2,10,10,70,6,Flat,Concrete Barrier,Concrete
"3,113",7,LA,605,S,499.9999997,2014,1,1,2,1,1,buffer,717916,56,11.2,2,2,10,10,70,6,Flat,Concrete Barrier,Bridge Deck
"3,217",8,SBD,60,E,499.9999997,2014,1,1,1,0,1,continuous,809953,36,12,5,5,10,10,70,70,Flat,Guardrail,Concrete
"3,255",8,RIV,60,E,499.9999997,2014,1,1,2,1,1,buffer,823443,36,12,5,5,10,10,70,70,Flat,No Barriers,Concrete
"3,324",8,SBD,60,W,499.9999997,2014,1,1,1,0,1,continuous,820177,36,12,5,5,10,10,70,70,Flat,Guardrail,Concrete
"3,368",8,RIV,60,W,499.9999997,2014,1,1,2,1,1,buffer,823428,28,14,0,0,0,0,70,46,Flat,Bridge barrier,Bridge Deck
"4,152",12,ORA,22,E,499.9999997,2014,1,1,1,0,1,continuous,1215015,36,12,5,5,8,8,70,14,Flat,Concrete Barrier,Concrete
"4,373",12,ORA,91,E,499.9999997,2014,1,1,2,2,3,mix,1214122,36,12,0,0,10,10,70,99,Flat,Guardrail,Concrete
"4,393",12,ORA,91,W,499.9999997,2014,1,1,1,0,1,continuous,1212726,36,12,0,0,8,8,70,22,Flat,Concrete Barrier,Concrete
"2,089",7,LA,60,E,499.9999998,2014,1,1,2,1,1,buffer,774650,48,12,8,8,8,8,70,22,Rolling,Concrete Barrier,Concrete
"2,436",7,LA,118,W,499.9999998,2014,1,1,2,1,1,buffer,765977,58,11.6,3,3,0,0,70,6,Rolling,Concrete Barrier,Concrete
"2,554",7,LA,210,E,499.9999998,2014,1,1,1,0,3,mix,772905,60,12,2,2,10,10,70,6,Flat,Concrete Barrier,Concrete
"2,676",7,LA,210,W,499.9999998,2014,1,1,1,0,2,mix,761339,60,12,2,2,10,10,70,6,Flat,Concrete Barrier,Bridge Deck
"2,783",7,LA,405,N,499.9999998,2014,1,1,2,1,1,buffer,761448,56,11.2,0,0,10,10,70,6,Flat,Concrete Barrier,Bridge Deck
"3,220",8,SBD,60,E,499.9999998,2014,1,1,1,0,1,continuous,820148,36,12,5,5,10,10,70,70,Flat,Guardrail,Concrete
"3,237",8,SBD,60,E,499.9999998,2014,1,1,1,0,1,continuous,809969,36,12,5,5,10,10,70,70,Flat,Guardrail,Concrete
"3,447",8,RIV,91,E,499.9999998,2014,1,2,2,1,1,buffer,801429,61,12.2,9,9,10,10,70,20,Rolling,Concrete Barrier,Bridge Deck
"3,581",8,SBD,210,E,499.9999998,2014,1,1,2,1,1,buffer,809285,52,13,10,10,10,10,70,45,Flat,Concrete Barrier,Concrete
"3,591",8,SBD,210,E,499.9999998,2014,1,1,2,1,2,mix,809349,52,13,10,10,10,10,70,45,Flat,Concrete Barrier,Concrete
"3,610",8,SBD,210,E,499.9999998,2014,1,1,1,0,1,continuous,814481,52,13,11,11,11,11,70,45,Flat,Concrete Barrier,Concrete
"3,987",12,ORA,5,N,499.9999998,2014,1,1,2,1,1,buffer,1204757,76,12.7,8,8,10,10,70,68,Flat,Concrete Barrier,Base & Surface
"4,130",12,ORA,5,S,499.9999998,2014,1,1,2,2,1,barrier,1210014,80,16,4,4,10,10,70,10,Flat,Concrete Barrier,Concrete
"4,146",12,ORA,22,E,499.9999998,2014,1,1,1,0,1,continuous,1214852,36,12,5,5,8,8,70,14,Flat,Concrete Barrier,Concrete
"2,197",7,LA,91,E,499.9999999,2014,1,1,2,1,2,mix,765793,60,12,8,8,0,0,70,99,Flat,Bridge barrier,Concrete
"2,280",7,LA,105,E,499.9999999,2014,1,1,2,1,1,buffer,760199,52,13,10,10,9,9,70,65,Flat,Concrete Barrier,Concrete
"2,286",7,LA,105,E,499.9999999,2014,1,1,2,1,1,buffer,760237,52,13,10,10,9,9,70,50,Flat,Concrete Barrier,Concrete
"2,577",7,LA,210,E,499.9999999,2014,1,1,2,1,1,buffer,761112,69,11.5,2,2,10,10,70,50,Flat,Concrete Barrier,Concrete
"2,776",7,LA,405,N,499.9999999,2014,1,1,2,1,1,buffer,761441,56,11.2,2,2,10,10,70,6,Flat,Concrete Barrier,Bridge Deck
"2,929",7,LA,405,S,499.9999999,2014,1,1,2,1,1,buffer,718278,56,11.2,2,2,10,10,70,6,Flat,Concrete Barrier,Bridge Deck
"3,087",7,LA,605,N,499.9999999,2014,1,1,2,1,1,buffer,762640,56,11.2,2,2,10,10,70,6,Flat,Concrete Barrier,Concrete
"3,092",7,LA,605,N,499.9999999,2014,1,1,2,1,2,mix,762640,56,11.2,2,2,10,10,70,6,Flat,Concrete Barrier,Concrete
"3,170",8,SBD,10,E,499.9999999,2014,1,1,2,1,2,mix,806578,48,12,7,7,10,10,70,16,Flat,Metal Beam Barrier,Concrete
"3,269",8,RIV,60,E,499.9999999,2014,1,1,2,1,2,mix,823464,24,12,5,2,8,8,70,46,Flat,Metal Beam Barrier,Concrete
"3,326",8,SBD,60,W,499.9999999,2014,1,1,1,0,1,continuous,825866,36,12,5,5,10,10,70,70,Flat,Guardrail,Concrete
"3,661",8,SBD,210,W,499.9999999,2014,1,1,1,0,1,continuous,819521,52,13,10,10,10,10,70,45,Flat,Concrete Barrier,Concrete
"3,741",8,SBD,215,N,499.9999999,2014,1,1,1,0,1,continuous,825711,36,12,0,0,8,8,70,22,Flat,Metal Beam Barrier,Base & Surface
"3,758",8,SBD,215,S,499.9999999,2014,1,1,1,0,1,continuous,823285,24,12,5,2,8,8,70,60,Rolling,Metal Beam Barrier,Concrete
"4,061",12,ORA,5,S,499.9999999,2014,1,2,1,0,2,mix,1210322,86,12.3,5,5,10,10,70,10,Flat,Concrete Barrier,Concrete
"4,250",12,ORA,55,S,499.9999999,2014,1,1,1,0,1,continuous,1214324,48,12,10,10,10,10,70,14,Flat,Concrete Barrier,Concrete
"4,489",12,ORA,405,N,499.9999999,2014,1,1,1,0,2,mix,1201229,74,14.8,10,10,10,10,70,18,Flat,Concrete Barrier,Concrete
"4,570",12,ORA,405,S,499.9999999,2014,1,1,2,1,1,buffer,1201909,62,12.4,3,3,10,10,70,8,Flat,Concrete Barrier,Concrete
"1,806",7,LA,5,S,500,2014,1,1,2,1,1,buffer,775443,72,12,10,10,10,10,70,15,Flat,Concrete Barrier,Concrete
"1,878",7,LA,10,W,500,2014,1,1,1,0,2,mix,768357,48,12,7,7,10,10,70,16,Flat,Concrete Barrier,Bridge Deck
"2,145",7,LA,60,W,500,2014,1,1,1,0,2,mix,775345,48,12,8,8,8,8,70,22,Rolling,Concrete Barrier,Concrete
"2,277",7,LA,105,E,500,2014,1,1,2,1,1,buffer,760085,52,13,10,10,10,10,70,56,Flat,Concrete Barrier,Concrete
"2,441",7,LA,134,E,500,2014,1,1,2,1,1,buffer,763323,55,11,2,2,8,8,70,22,Flat,No Barriers,Bridge Deck
"2,442",7,LA,134,E,500,2014,1,1,2,1,1,buffer,761033,55,11,2,2,8,8,70,22,Flat,No Barriers,Bridge Deck
"2,483",7,LA,134,W,500,2014,1,1,2,1,2,mix,761038,57,11.4,2,2,10,10,70,6,Rolling,Concrete Barrier,Concrete
"2,512",7,LA,134,W,500,2014,1,1,2,1,1,buffer,761022,36,12,8,8,10,10,70,22,Flat,No Barriers,Bridge Deck
"2,533",7,LA,170,S,500,2014,1,1,1,0,2,mix,761081,45,11.3,2,2,0,0,70,4,Flat,Concrete Barrier,Concrete
"2,576",7,LA,210,E,500,2014,1,1,2,1,1,buffer,761109,70,11.7,2,2,10,10,70,40,Flat,Concrete Barrier,Concrete
"2,583",7,LA,210,E,500,2014,1,1,2,1,1,buffer,772955,60,12,2,2,10,10,70,6,Flat,Concrete Barrier,Bridge Deck
"2,820",7,LA,405,N,500,2014,1,1,2,1,1,buffer,775263,56,11.2,2,2,10,10,70,14,Mountainous,Concrete Barrier,Base & Surface
"3,038",7,LA,605,N,500,2014,1,1,2,1,1,buffer,766508,48,12,8,8,10,10,70,36,Flat,Concrete Barrier,Concrete
"3,169",8,SBD,10,E,500,2014,1,1,2,1,1,buffer,806773,48,12,8,8,10,10,70,99,Flat,Guardrail,Concrete
"3,270",8,RIV,60,E,500,2014,1,1,1,0,1,continuous,823448,36,12,5,5,10,10,70,70,Flat,No Barriers,Concrete
"3,373",8,RIV,60,W,500,2014,1,1,1,0,1,continuous,823447,36,12,5,5,10,10,70,70,Flat,No Barriers,Concrete
"3,383",8,RIV,60,W,500,2014,1,1,2,1,1,buffer,823428,28,14,0,0,0,0,70,46,Flat,Bridge barrier,Bridge Deck
"3,399",8,SBD,71,N,500,2014,1,1,1,0,2,mix,812658,52,13,10,10,10,10,70,22,Rolling,Concrete Barrier,Concrete
"3,405",8,SBD,71,N,500,2014,1,1,2,1,2,mix,825095,52,13,10,10,10,10,70,22,Rolling,Concrete Barrier,Concrete
"3,619",8,SBD,210,E,500,2014,1,1,1,0,1,continuous,819479,52,13,11,11,11,11,70,45,Flat,Concrete Barrier,Concrete
"3,648",8,SBD,210,W,500,2014,1,1,1,0,1,continuous,825898,52,13,10,10,10,10,70,45,Flat,Concrete Barrier,Concrete
"3,659",8,SBD,210,W,500,2014,1,1,1,0,1,continuous,809187,52,13,10,10,10,10,70,45,Flat,Concrete Barrier,Concrete
"4,169",12,ORA,22,E,500,2014,1,1,1,0,1,continuous,1215072,36,12,5,5,8,8,70,14,Flat,Concrete Barrier,Concrete
"4,474",12,ORA,405,N,500,2014,1,1,1,0,1,continuous,1209090,67,13.4,11,11,10,10,70,36,Flat,Concrete Barrier,Concrete
"4,476",12,ORA,405,N,500,2014,1,1,1,0,3,mix,1209163,74,14.8,11,11,10,10,70,36,Flat,Concrete Barrier,Concrete
"2,345",7,LA,105,W,500.0000001,2014,1,1,2,1,1,buffer,760561,64,12.8,10,10,10,10,70,50,Flat,Concrete Barrier,Concrete
"2,606",7,LA,210,E,500.0000001,2014,1,1,2,1,1,buffer,761242,60,12,2,2,10,10,70,6,Flat,Concrete Barrier,Bridge Deck
"2,641",7,LA,210,W,500.0000001,2014,1,1,2,1,2,mix,761318,70,11.7,2,2,10,10,70,46,Flat,Concrete Barrier,Concrete
"3,394",8,SBD,71,N,500.0000001,2014,1,1,2,1,1,buffer,812658,52,13,10,10,10,10,70,22,Rolling,Concrete Barrier,Concrete
"3,644",8,SBD,210,W,500.0000001,2014,1,1,1,0,1,continuous,825892,52,13,10,10,10,10,70,45,Flat,Concrete Barrier,Concrete
"3,697",8,SBD,210,W,500.0000001,2014,1,1,1,0,1,continuous,826081,52,13,11,11,11,11,70,45,Flat,Bridge barrier,Concrete
"3,829",11,SD,5,S,500.0000001,2014,1,1,2,1,1,buffer,1120314,48,12,8,8,10,10,70,36,Rolling,Metal Beam Barrier,Concrete
"3,833",11,SD,5,S,500.0000001,2014,1,1,2,1,1,buffer,1120377,48,12,9,9,10,10,70,36,Rolling,Metal Beam Barrier,Concrete
"3,896",11,SD,805,S,500.0000001,2014,1,1,2,1,1,buffer,1125934,60,12,8,8,10,10,70,30,Flat,Concrete Barrier,Concrete
"4,124",12,ORA,5,S,500.0000001,2014,1,1,2,1,1,buffer,1212661,36,12,2,2,8,8,70,12,Flat,Metal Beam Barrier,Concrete
"4,170",12,ORA,22,E,500.0000001,2014,1,1,1,0,1,continuous,1214723,48,12,2,2,6,6,70,16,Flat,Concrete Barrier,Concrete
"4,511",12,ORA,405,S,500.0000001,2014,1,1,2,1,2,mix,1209305,62,12.4,3,3,0,0,70,8,Flat,Concrete Barrier,Concrete
"4,526",12,ORA,405,S,500.0000001,2014,1,1,1,0,2,mix,1209305,62,12.4,3,3,0,0,70,8,Flat,Concrete Barrier,Concrete
"2,196",7,LA,91,E,500.0000002,2014,1,1,2,1,1,buffer,765793,60,12,8,8,0,0,70,99,Flat,Bridge barrier,Concrete
"2,264",7,LA,91,W,500.0000002,2014,1,1,2,1,2,mix,768908,60,12,2,2,10,10,70,6,Flat,Concrete Barrier,Bridge Deck
"2,395",7,LA,118,E,500.0000002,2014,1,1,2,1,2,mix,765942,59,11.8,3,3,10,10,70,8,Flat,Concrete Barrier,Base & Surface
"2,492",7,LA,134,W,500.0000002,2014,1,1,2,1,1,buffer,774014,56,11.2,3,3,10,10,70,22,Rolling,Concrete Barrier,Concrete
"2,615",7,LA,210,E,500.0000002,2014,1,1,2,1,1,buffer,767924,52,13,11,11,10,10,70,46,Flat,Concrete Barrier,Base & Surface
"2,661",7,LA,210,W,500.0000002,2014,1,1,1,0,2,mix,717665,57,11.4,2,2,9,9,70,56,Flat,Concrete Barrier,Concrete
"3,225",8,SBD,60,E,500.0000002,2014,1,1,1,0,1,continuous,819975,60,12,5,5,10,10,70,70,Flat,Guardrail,Concrete
"3,525",8,RIV,91,W,500.0000002,2014,1,1,2,1,1,buffer,806266,36,12,5,5,8,8,70,22,Flat,Metal Beam Barrier,Concrete
"3,897",11,SD,805,S,500.0000002,2014,1,1,2,1,1,buffer,1125932,48,12,8,8,10,10,70,30,Flat,Concrete Barrier,Concrete
"3,915",11,SD,805,S,500.0000002,2014,1,1,2,1,2,mix,1125978,48,12,8,8,10,10,70,42,Flat,Concrete Barrier,Concrete
"3,950",12,ORA,5,N,500.0000002,2014,1,2,2,1,1,buffer,1210270,88,12.6,11,11,10,10,70,22,Flat,Concrete Barrier,Concrete
"4,265",12,ORA,55,S,500.0000002,2014,1,1,1,0,1,continuous,1214254,62,12.4,8,8,10,10,70,18,Flat,Concrete Barrier,Concrete
"4,271",12,ORA,55,S,500.0000002,2014,1,1,1,0,1,continuous,1212862,44,11,2,2,8,8,70,6,Flat,Concrete Barrier,Base & Surface
"4,487",12,ORA,405,N,500.0000002,2014,1,1,2,1,1,buffer,1209177,74,14.8,11,11,10,10,70,36,Flat,Concrete Barrier,Concrete
"1,774",7,LA,5,N,500.0000003,2014,1,1,1,0,2,mix,775442,67,11.2,3,3,10,10,70,15,Flat,Concrete Barrier,Concrete
"2,148",7,LA,60,W,500.0000003,2014,1,1,2,1,1,buffer,775347,48,12,8,8,8,8,70,22,Rolling,Concrete Barrier,Concrete
"2,278",7,LA,105,E,500.0000003,2014,1,1,2,1,1,buffer,760090,64,12.8,10,10,9,9,70,56,Flat,Concrete Barrier,Concrete
"2,293",7,LA,105,E,500.0000003,2014,1,1,2,1,1,buffer,760246,52,13,10,10,10,10,70,50,Flat,Concrete Barrier,Bridge Deck
"2,353",7,LA,105,W,500.0000003,2014,1,1,2,1,1,buffer,760387,52,13,10,10,10,10,70,56,Flat,Concrete Barrier,Concrete
"2,371",7,LA,105,W,500.0000003,2014,1,1,2,1,2,mix,760345,72,12,10,10,10,10,70,46,Flat,Concrete Barrier,Concrete
"2,462",7,LA,134,E,500.0000003,2014,1,1,2,1,1,buffer,773976,56,11.2,3,3,10,10,70,8,Rolling,Concrete Barrier,Concrete
"2,510",7,LA,134,W,500.0000003,2014,1,1,2,1,1,buffer,761027,36,12,8,8,10,10,70,22,Flat,No Barriers,Bridge Deck
"2,571",7,LA,210,E,500.0000003,2014,1,1,1,0,2,mix,716026,72,12,2,2,10,10,70,6,Flat,Concrete Barrier,Concrete
"2,578",7,LA,210,E,500.0000003,2014,1,1,2,1,2,mix,761115,57,11.4,2,2,8,8,70,56,Flat,Concrete Barrier,Bridge Deck
"2,834",7,LA,405,N,500.0000003,2014,1,1,2,1,1,buffer,762567,56,11.2,2,2,0,0,70,6,Flat,Concrete Barrier,Bridge Deck
"2,870",7,LA,405,N,500.0000003,2014,1,1,2,1,1,buffer,774085,45,11.3,1,1,10,10,70,13,Rolling,Concrete Barrier,Concrete
"2,915",7,LA,405,S,500.0000003,2014,1,1,1,0,2,mix,718276,56,11.2,2,2,10,10,70,6,Flat,Concrete Barrier,Bridge Deck
"3,065",7,LA,605,N,500.0000003,2014,1,1,1,0,2,mix,763464,48,12,10,10,10,10,70,36,Flat,Concrete Barrier,Concrete
"3,200",8,SBD,10,W,500.0000003,2014,1,1,2,1,1,buffer,807645,48,12,7,7,10,10,70,16,Flat,Metal Beam Barrier,Bridge Deck
"3,251",8,RIV,60,E,500.0000003,2014,1,1,2,1,1,buffer,823452,36,12,5,5,10,10,70,70,Flat,No Barriers,Concrete
"3,428",8,SBD,71,S,500.0000003,2014,1,1,2,1,1,buffer,812822,40,13.3,10,10,10,10,70,22,Rolling,Concrete Barrier,Concrete
"3,472",8,RIV,91,E,500.0000003,2014,1,1,1,0,2,mix,807271,36,12,10,10,8,8,70,22,Flat,Concrete Barrier,Concrete
"3,493",8,RIV,91,E,500.0000003,2014,1,1,1,0,1,continuous,823030,50,12.5,8,8,8,8,70,18,Flat,Concrete Barrier,Bridge Deck
"3,963",12,ORA,5,N,500.0000003,2014,1,1,2,1,1,buffer,1204956,76,12.7,12,12,10,10,70,26,Flat,Concrete Barrier,Base & Surface
"3,978",12,ORA,5,N,500.0000003,2014,1,1,2,1,2,mix,1210106,100,12.5,5,5,10,10,70,10,Flat,Concrete Barrier,Concrete
"4,136",12,ORA,5,S,500.0000003,2014,1,1,2,1,1,buffer,1212673,48,12,2,2,10,10,70,18,Flat,Metal Beam Barrier,Concrete
"2,259",12,ORA,91,W,500.0000004,2014,1,1,1,0,2,mix,773365,56,11.2,2,2,10,10,70,6,Flat,Concrete Barrier,Concrete
"2,546",7,LA,170,S,500.0000004,2014,1,1,2,1,1,buffer,761079,35,11.7,0,0,8,8,55,0,Flat,No Barriers,Base & Surface
"2,552",7,LA,210,E,500.0000004,2014,1,1,2,1,1,buffer,761093,82,11.7,2,2,10,10,70,46,Flat,Concrete Barrier,Concrete
"2,716",7,LA,210,W,500.0000004,2014,1,1,2,1,1,buffer,769137,52,13,11,11,10,10,70,24,Flat,Cable Barriers,Concrete
"2,875",7,LA,405,N,500.0000004,2014,1,1,2,1,1,buffer,771769,78,11.1,2,2,8,8,70,6,Flat,Concrete Barrier,Concrete
"3,068",7,LA,605,N,500.0000004,2014,1,1,2,1,1,buffer,766510,60,12,8,8,10,10,70,36,Flat,Concrete Barrier,Concrete
"3,254",8,RIV,60,E,500.0000004,2014,1,1,2,1,1,buffer,823456,36,12,5,5,10,10,70,70,Flat,No Barriers,Concrete
"3,658",8,SBD,210,W,500.0000004,2014,1,1,1,0,1,continuous,826067,52,13,10,10,10,10,70,45,Flat,Concrete Barrier,Concrete
"3,764",8,SBD,215,S,500.0000004,2014,1,1,1,0,1,continuous,824302,36,12,5,2,8,8,70,22,Flat,Guardrail,Concrete
"3,917",12,ORA,5,N,500.0000004,2014,1,1,1,0,1,continuous,1210063,62,12.4,8,8,10,10,70,18,Flat,Concrete Barrier,Concrete
"1,845",7,LA,10,E,500.0000005,2014,1,1,2,1,2,mix,768351,48,12,7,7,10,10,70,16,Flat,Concrete Barrier,Bridge Deck
"2,203",7,LA,91,E,500.0000005,2014,1,1,2,1,1,buffer,759996,59,11.8,3,3,10,10,70,7,Flat,Bridge barrier,Concrete
"2,301",7,LA,105,E,500.0000005,2014,1,1,2,1,1,buffer,760293,52,13,10,10,10,10,70,56,Flat,Concrete Barrier,Concrete
"2,421",7,LA,118,W,500.0000005,2014,1,1,1,0,2,mix,766047,71,11.8,4,4,10,10,70,8,Flat,Concrete Barrier,Base & Surface
"2,682",7,LA,210,W,500.0000005,2014,1,1,2,1,1,buffer,717643,70,11.7,2,2,10,10,70,40,Flat,Concrete Barrier,Concrete
"2,809",7,LA,405,N,500.0000005,2014,1,1,2,1,1,buffer,762520,56,11.2,2,2,10,10,70,6,Flat,Concrete Barrier,Concrete
"3,401",8,SBD,71,N,500.0000005,2014,1,1,2,1,2,mix,825108,40,13.3,10,10,10,10,70,22,Rolling,Concrete Barrier,Concrete
"3,553",8,RIV,91,W,500.0000005,2014,1,1,2,1,2,mix,806266,36,12,5,5,8,8,70,22,Flat,Metal Beam Barrier,Concrete
"3,592",8,SBD,210,E,500.0000005,2014,1,1,1,0,2,mix,809349,52,13,10,10,10,10,70,45,Flat,Concrete Barrier,Concrete
"3,641",8,SBD,210,W,500.0000005,2014,1,1,1,0,1,continuous,809048,52,13,10,10,10,10,70,45,Flat,Concrete Barrier,Concrete
"3,686",8,SBD,210,W,500.0000005,2014,1,1,1,0,1,continuous,816210,52,13,11,11,11,11,70,45,Flat,Bridge barrier,Concrete
"3,759",8,SBD,215,S,500.0000005,2014,1,1,1,0,1,continuous,825689,36,12,8,8,11,8,70,22,Flat,Concrete Barrier,Base & Surface
"3,800",8,RIV,215,S,500.0000005,2014,1,1,1,0,1,continuous,825859,36,12,5,5,8,8,70,30,Rolling,Concrete Barrier,Base & Surface
"4,089",12,ORA,5,S,500.0000005,2014,1,1,1,0,2,mix,1213706,62,12.4,8,8,10,10,70,18,Flat,Concrete Barrier,Concrete
"4,419",12,ORA,91,W,500.0000005,2014,1,1,1,0,1,continuous,1214066,36,12,0,0,8,8,70,22,Flat,Concrete Barrier,Concrete
"4,504",12,ORA,405,S,500.0000005,2014,1,1,2,1,1,buffer,1201085,60,12,10,10,10,10,70,64,Flat,No Barriers,Concrete
"1,868",7,LA,10,W,500.0000006,2014,1,1,2,1,2,mix,768330,48,12,7,7,10,10,70,16,Flat,Metal Beam Barrier,Concrete
"2,348",7,LA,105,W,500.0000006,2014,1,1,2,1,1,buffer,760545,52,13,10,10,9,9,70,50,Flat,Concrete Barrier,Concrete
"2,452",7,LA,134,E,500.0000006,2014,1,1,2,1,1,buffer,773891,55,11,2,2,8,8,70,22,Flat,No Barriers,Bridge Deck
"2,966",7,LA,405,S,500.0000006,2014,1,1,2,1,1,buffer,764665,56,11.2,2,2,10,10,70,6,Flat,Concrete Barrier,Concrete
"3,186",8,SBD,10,W,500.0000006,2014,1,1,2,1,1,buffer,820201,48,12,8,8,10,10,70,24,Flat,Concrete Barrier,Concrete
"3,214",8,SBD,60,E,500.0000006,2014,1,1,1,0,1,continuous,806406,36,12,5,5,10,10,70,70,Flat,Guardrail,Concrete
"3,230",8,SBD,60,E,500.0000006,2014,1,1,1,0,1,continuous,820110,36,12,5,5,10,10,70,70,Flat,Guardrail,Concrete
"3,392",8,SBD,71,N,500.0000006,2014,1,1,2,1,1,buffer,825089,52,13,10,10,10,10,70,22,Rolling,Concrete Barrier,Concrete
"3,680",8,SBD,210,W,500.0000006,2014,1,1,1,0,2,mix,814515,52,13,11,11,11,11,70,45,Flat,Concrete Barrier,Concrete
"3,994",12,ORA,5,N,500.0000006,2014,1,2,2,1,1,buffer,1210115,112,12.4,5,5,10,10,70,10,Flat,Concrete Barrier,Concrete
"4,544",12,ORA,405,S,500.0000006,2014,1,1,2,1,1,buffer,1209277,62,12.4,3,3,10,10,70,8,Flat,Concrete Barrier,Concrete
"2,309",7,LA,105,E,500.0000007,2014,1,1,2,1,1,buffer,773658,24,4.8,10,10,10,10,70,56,Flat,Concrete Barrier,Concrete
"2,524",7,LA,170,N,500.0000007,2014,1,1,2,1,1,buffer,765614,35,11.7,0,0,0,0,55,10,Flat,No Barriers,Base & Surface
"2,794",7,LA,405,N,500.0000007,2014,1,1,2,1,2,mix,764565,56,11.2,2,2,10,10,70,6,Flat,Concrete Barrier,Bridge Deck
"2,928",7,LA,405,S,500.0000007,2014,1,1,2,1,1,buffer,764669,56,11.2,2,2,10,10,70,6,Flat,Concrete Barrier,Bridge Deck
"3,102",7,LA,605,S,500.0000007,2014,1,1,2,1,1,buffer,763999,48,12,10,10,10,10,70,6,Flat,Concrete Barrier,Concrete
"3,823",11,SD,5,S,500.0000007,2014,1,1,1,0,1,continuous,1122561,60,12,8,8,10,10,70,36,Rolling,Metal Beam Barrier,Concrete
"2,281",7,LA,105,E,500.0000008,2014,1,1,2,1,2,mix,760117,64,12.8,10,10,10,10,70,56,Flat,Concrete Barrier,Concrete
"2,399",7,LA,118,E,500.0000008,2014,1,1,2,1,1,buffer,765959,59,11.8,10,10,10,10,70,8,Flat,Concrete Barrier,Base & Surface
"2,760",7,LA,405,N,500.0000008,2014,1,1,2,1,1,buffer,761532,56,11.2,2,2,10,10,70,20,Flat,Concrete Barrier,Bridge Deck
"2,793",7,LA,405,N,500.0000008,2014,1,1,2,1,1,buffer,766506,67,11.2,3,3,10,10,70,20,Flat,Concrete Barrier,Concrete
"2,910",7,LA,405,S,500.0000008,2014,1,1,1,0,2,mix,771900,67,11.2,2,2,10,10,70,6,Flat,Concrete Barrier,Bridge Deck
"2,978",7,LA,405,S,500.0000008,2014,1,1,2,1,1,buffer,764615,56,11.2,1,1,0,0,70,6,Flat,Concrete Barrier,Bridge Deck
"4,063",12,ORA,5,S,500.0000008,2014,1,1,2,1,1,buffer,1211096,88,12.6,10,10,10,10,70,22,Flat,Concrete Barrier,Concrete