FID,District,County,Route,Direction,distance,Year,Accidents,Lanes,Access1,Limited,AccessNum,AccessType,ID,RoadWidth,LaneWidth,InnerShoulderWidth,InnerShoulderTreatedWidth,OuterShoulderWidth,OuterShoulderTreatedWidth,DesignSpeedLimit,InnerMedianWidth,Terrain,Barrier,Surface
"4,564",12,ORA,405,S,500.0000008,2014,1,1,2,1,1,buffer,1201131,74,14.8,10,10,10,10,70,48,Flat,Concrete Barrier,Concrete
"1,870",7,LA,10,W,136.8992465,2014,2,1,2,1,2,mix,774745,48,12,7,7,10,10,70,16,Flat,Concrete Barrier,Concrete
"3,836",11,SD,5,S,356.0897685,2014,2,1,1,0,1,continuous,1119532,48,12,8,8,10,10,70,36,Rolling,Concrete Barrier,Concrete
"2,408",7,LA,118,W,499.9999989,2014,2,1,2,1,1,buffer,760672,71,11.8,4,4,10,10,70,8,Flat,Concrete Barrier,Bridge Deck
"4,505",12,ORA,405,S,499.9999991,2014,2,1,2,1,3,mix,1201110,72,14.4,10,10,10,10,70,48,Flat,No Barriers,Concrete
"2,079",7,LA,60,E,499.9999992,2014,2,1,2,1,1,buffer,775352,48,12,0,0,8,8,70,22,Rolling,Concrete Barrier,Concrete
"3,307",8,RIV,60,W,499.9999992,2014,2,1,1,0,1,continuous,810382,24,12,5,5,8,8,70,46,Rolling,Concrete Barrier,Base & Surface
"4,002",12,ORA,5,N,499.9999992,2014,2,1,2,1,1,buffer,1212689,36,12,2,2,8,8,70,12,Flat,Metal Beam Barrier,Concrete
"4,190",12,ORA,22,W,499.9999992,2014,2,1,1,0,1,continuous,1214816,36,12,5,5,8,8,70,14,Flat,Concrete Barrier,Concrete
"2,205",7,LA,91,E,499.9999993,2014,2,1,2,1,1,buffer,759996,59,11.8,3,3,10,10,70,7,Flat,Bridge barrier,Concrete
"2,285",7,LA,105,E,499.9999993,2014,2,1,2,1,1,buffer,760237,52,13,10,10,9,9,70,50,Flat,Concrete Barrier,Concrete
"3,975",12,ORA,5,N,499.9999993,2014,2,1,1,0,1,continuous,1211095,88,12.6,10,10,10,10,70,22,Flat,Concrete Barrier,Concrete
"4,238",12,ORA,55,N,499.9999993,2014,2,1,1,0,1,continuous,1212937,44,11,2,2,9,8,70,6,Flat,Concrete Barrier,Concrete
"4,363",12,ORA,91,E,499.9999993,2014,2,1,1,0,1,continuous,1212770,36,12,0,0,8,8,70,22,Flat,Concrete Barrier,Concrete
"3,426",8,SBD,71,S,499.9999994,2014,2,1,2,1,1,buffer,825149,40,13.3,10,10,10,10,70,30,Rolling,Concrete Barrier,Concrete
"2,056",7,LA,57,N,499.9999995,2014,2,1,2,1,2,mix,763551,60,12,2,2,10,10,70,6,Flat,Concrete Barrier,Concrete
"2,516",7,LA,170,N,499.9999995,2014,2,1,2,1,1,buffer,765616,55,13.8,2,2,0,0,70,4,Flat,Concrete Barrier,Concrete
"2,551",7,LA,210,E,499.9999995,2014,2,1,2,1,1,buffer,761098,70,11.7,2,2,10,10,70,46,Flat,Concrete Barrier,Concrete
"2,604",7,LA,210,E,499.9999995,2014,2,1,2,1,1,buffer,772934,60,12,2,2,10,10,70,6,Flat,Concrete Barrier,Bridge Deck
"2,922",7,LA,405,S,499.9999995,2014,2,1,2,1,1,buffer,718230,67,11.2,2,2,10,10,70,6,Flat,Concrete Barrier,Concrete
"2,969",7,LA,405,S,499.9999995,2014,2,1,2,1,1,buffer,766952,48,12,8,8,10,10,70,14,Mountainous,Concrete Barrier,Base & Surface
"4,268",12,ORA,55,S,499.9999995,2014,2,1,1,0,1,continuous,1215808,44,11,2,2,9,8,70,6,Flat,Concrete Barrier,Base & Surface
"2,334",7,LA,105,W,499.9999996,2014,2,1,2,1,2,mix,760545,52,13,10,10,9,9,70,50,Flat,Concrete Barrier,Concrete
"2,358",7,LA,105,W,499.9999996,2014,2,1,2,1,1,buffer,760532,52,13,10,10,10,10,70,55,Flat,Concrete Barrier,Concrete
"3,410",8,SBD,71,N,499.9999996,2014,2,1,2,1,1,buffer,812812,52,13,16,16,10,10,70,22,Rolling,Concrete Barrier,Concrete
"4,538",12,ORA,405,S,499.9999996,2014,2,1,2,1,2,mix,1201587,86,12.3,3,3,9,9,70,8,Flat,Concrete Barrier,Concrete
"1,879",7,LA,10,W,499.9999997,2014,2,1,2,1,1,buffer,768362,48,12,7,7,10,10,70,16,Flat,Concrete Barrier,Bridge Deck
"2,248",7,LA,91,W,499.9999997,2014,2,1,2,1,1,buffer,759981,60,12,8,8,0,0,70,7,Flat,Bridge barrier,Concrete
"2,622",7,LA,210,E,499.9999997,2014,2,1,2,1,1,buffer,767939,52,13,11,11,10,10,70,46,Flat,Concrete Barrier,Base & Surface
"2,625",7,LA,210,E,499.9999997,2014,2,1,2,1,1,buffer,768040,64,12.8,22,22,10,10,70,46,Flat,Concrete Barrier,Base & Surface
"2,650",7,LA,210,W,499.9999997,2014,2,1,2,1,1,buffer,761353,60,12,2,2,10,10,70,6,Flat,Concrete Barrier,Concrete
"2,788",7,LA,405,N,499.9999997,2014,2,1,2,1,1,buffer,718233,67,11.2,2,2,0,0,70,6,Flat,Concrete Barrier,Concrete
"2,796",7,LA,405,N,499.9999997,2014,2,1,2,1,1,buffer,764667,67,11.2,2,2,10,10,70,6,Flat,Concrete Barrier,Concrete
"3,026",7,LA,405,S,499.9999997,2014,2,1,2,1,1,buffer,771998,45,11.3,2,2,0,0,70,6,Rolling,Concrete Barrier,Concrete
"3,138",7,LA,605,S,499.9999997,2014,2,1,2,1,1,buffer,763679,48,12,10,10,10,10,70,36,Flat,Concrete Barrier,Concrete
"3,223",8,SBD,60,E,499.9999997,2014,2,1,1,0,1,continuous,820088,36,12,5,5,10,10,70,70,Flat,Guardrail,Concrete
"3,317",8,RIV,60,W,499.9999997,2014,2,1,1,0,1,continuous,810382,24,12,5,5,8,8,70,46,Rolling,Concrete Barrier,Base & Surface
"3,652",8,SBD,210,W,499.9999997,2014,2,1,1,0,1,continuous,809011,52,13,10,10,10,10,70,45,Flat,Concrete Barrier,Concrete
"3,881",11,SD,805,S,499.9999997,2014,2,1,1,0,1,continuous,1125911,60,12,8,8,10,10,70,46,Flat,Metal Beam Barrier,Concrete
"4,157",12,ORA,22,E,499.9999997,2014,2,1,1,0,1,continuous,1215096,36,12,5,5,8,8,70,14,Flat,Concrete Barrier,Concrete
"4,514",12,ORA,405,S,499.9999997,2014,2,1,1,0,4,mix,1209143,62,12.4,3,3,10,10,70,8,Flat,Concrete Barrier,Concrete
"2,365",7,LA,105,W,499.9999998,2014,2,1,2,1,1,buffer,760617,64,12.8,10,10,9,9,70,58,Flat,Concrete Barrier,Concrete
"2,374",7,LA,118,E,499.9999998,2014,2,1,2,1,2,mix,761592,59,11.8,10,10,10,10,70,8,Flat,Concrete Barrier,Base & Surface
"2,803",7,LA,405,N,499.9999998,2014,2,1,1,0,2,mix,717756,56,11.2,0,0,10,10,70,6,Flat,Concrete Barrier,Bridge Deck
"3,335",8,SBD,60,W,499.9999998,2014,2,1,1,0,1,continuous,806425,36,12,5,5,10,10,70,70,Flat,Guardrail,Concrete
"3,637",8,SBD,210,W,499.9999998,2014,2,1,1,0,2,mix,825879,52,13,10,10,10,10,70,45,Flat,Concrete Barrier,Concrete
"3,894",11,SD,805,S,499.9999998,2014,2,1,2,1,1,buffer,1125989,48,12,8,8,10,10,70,42,Flat,Concrete Barrier,Concrete
"4,149",12,ORA,22,E,499.9999998,2014,2,1,1,0,1,continuous,1214970,36,12,5,5,8,8,70,14,Flat,Concrete Barrier,Concrete
"2,066",7,LA,57,S,499.9999999,2014,2,1,1,0,2,mix,763968,60,12,2,2,10,10,60,6,Flat,Concrete Barrier,Concrete
"2,144",7,LA,60,W,499.9999999,2014,2,1,2,1,1,buffer,775349,48,12,8,8,8,8,70,22,Rolling,Concrete Barrier,Concrete
"2,174",7,LA,60,W,499.9999999,2014,2,1,2,1,1,buffer,766641,62,12.4,8,8,10,10,70,18,Rolling,Concrete Barrier,Base & Surface
"2,296",7,LA,105,E,499.9999999,2014,2,1,2,1,1,buffer,760320,64,12.8,10,10,10,10,70,56,Flat,Concrete Barrier,Concrete
"2,431",7,LA,118,W,499.9999999,2014,2,1,2,1,2,mix,765944,58,11.6,3,3,10,10,70,8,Flat,Concrete Barrier,Base & Surface
"2,631",7,LA,210,E,499.9999999,2014,2,1,2,1,1,buffer,718448,60,12,2,2,10,10,70,6,Flat,Cable Barriers,Bridge Deck
"2,968",7,LA,405,S,499.9999999,2014,2,1,2,1,1,buffer,766956,48,12,8,8,10,10,70,14,Mountainous,Concrete Barrier,Concrete
"3,119",7,LA,605,S,499.9999999,2014,2,1,2,1,1,buffer,762661,48,12,10,10,10,10,70,36,Flat,Concrete Barrier,Concrete
"3,153",7,LA,605,S,499.9999999,2014,2,1,2,1,1,buffer,762688,56,11.2,2,2,10,10,70,6,Flat,Concrete Barrier,Concrete
"3,550",8,RIV,91,W,499.9999999,2014,2,1,2,1,2,mix,826226,49,12.3,15,15,8,8,70,20,Flat,Concrete Barrier,Concrete
"3,780",8,SBD,215,S,499.9999999,2014,2,1,1,0,1,continuous,825712,48,12,0,0,10,10,70,22,Flat,Metal Beam Barrier,Base & Surface
"4,156",12,ORA,22,E,499.9999999,2014,2,1,1,0,1,continuous,1215096,36,12,5,5,8,8,70,14,Flat,Concrete Barrier,Concrete
"4,466",12,ORA,405,N,499.9999999,2014,2,1,1,0,2,mix,1201785,62,12.4,3,3,10,10,70,8,Flat,Metal Beam Barrier,Concrete
"4,533",12,ORA,405,S,499.9999999,2014,2,1,2,1,1,buffer,1209292,62,12.4,3,3,10,10,70,8,Flat,Concrete Barrier,Concrete
"1,854",7,LA,10,E,500,2014,2,1,2,1,1,buffer,768320,48,12,7,7,10,10,70,16,Flat,Metal Beam Barrier,Bridge Deck
"2,363",7,LA,105,W,500,2014,2,1,2,1,1,buffer,760207,52,13,10,10,10,10,70,55,Flat,Concrete Barrier,Bridge Deck
"2,766",7,LA,405,N,500,2014,2,1,2,1,1,buffer,771941,56,11.2,2,2,10,10,70,6,Flat,Concrete Barrier,Concrete
"2,960",7,LA,405,S,500,2014,2,1,2,1,1,buffer,762576,67,11.2,2,2,10,10,70,6,Flat,Concrete Barrier,Bridge Deck
"3,296",8,RIV,60,E,500,2014,2,1,1,0,1,continuous,810372,24,12,5,5,8,8,70,46,Rolling,Concrete Barrier,Base & Surface
"3,312",8,RIV,60,W,500,2014,2,1,1,0,1,continuous,824068,24,12,5,2,8,8,70,46,Rolling,No Barriers,Base & Surface
"3,574",8,SBD,210,E,500,2014,2,1,2,1,1,buffer,819527,52,13,10,10,10,10,70,45,Flat,Concrete Barrier,Concrete
"4,239",12,ORA,55,N,500,2014,2,1,1,0,1,continuous,1212900,44,11,2,2,6,6,70,6,Flat,Concrete Barrier,Bridge Deck
"4,435",12,ORA,405,N,500,2014,2,1,2,1,2,mix,1217568,68,11.3,3,3,10,10,70,18,Flat,Concrete Barrier,Concrete
"2,153",7,LA,60,W,500.0000001,2014,2,1,2,1,1,buffer,773423,48,12,8,8,8,8,70,22,Rolling,Concrete Barrier,Concrete
"2,406",7,LA,118,W,500.0000001,2014,2,1,1,0,2,mix,765994,58,11.6,10,10,10,10,70,8,Flat,Concrete Barrier,Base & Surface
"2,471",7,LA,134,E,500.0000001,2014,2,1,2,1,2,mix,717588,68,11.3,2,2,8,8,70,6,Rolling,Concrete Barrier,Concrete
"2,721",7,LA,210,W,500.0000001,2014,2,1,2,1,1,buffer,767909,52,13,11,11,10,10,70,46,Flat,Concrete Barrier,Base & Surface
"2,740",7,LA,405,N,500.0000001,2014,2,1,2,1,1,buffer,717759,56,11.2,0,0,10,10,70,6,Flat,Concrete Barrier,Bridge Deck
"3,271",8,RIV,60,E,500.0000001,2014,2,1,2,1,1,buffer,823461,36,12,5,5,13,10,70,70,Flat,Concrete Barrier,Concrete
"3,478",8,RIV,91,E,500.0000001,2014,2,1,1,0,1,continuous,807365,36,12,5,5,8,8,70,22,Flat,Metal Beam Barrier,Concrete
"3,556",8,RIV,91,W,500.0000001,2014,2,1,2,1,2,mix,807272,36,12,5,5,8,8,70,22,Flat,Metal Beam Barrier,Concrete
"3,585",8,SBD,210,E,500.0000001,2014,2,1,2,1,1,buffer,809038,52,13,10,10,10,10,70,45,Flat,Concrete Barrier,Concrete
"3,620",8,SBD,210,E,500.0000001,2014,2,1,2,1,1,buffer,826215,52,13,11,11,11,11,70,45,Flat,Bridge barrier,Concrete
"3,635",8,SBD,210,E,500.0000001,2014,2,1,1,0,1,continuous,814527,52,13,11,11,11,11,70,45,Flat,Concrete Barrier,Concrete
"3,770",8,SBD,215,S,500.0000001,2014,2,1,1,0,1,continuous,824280,36,12,5,2,8,8,70,90,Flat,No Barriers,Concrete
"3,885",11,SD,805,S,500.0000001,2014,2,1,1,0,1,continuous,1126306,60,12,8,8,13,10,70,46,Flat,Metal Beam Barrier,Concrete
"3,891",11,SD,805,S,500.0000001,2014,2,1,1,0,2,mix,1126323,60,12,8,8,13,10,70,46,Flat,Metal Beam Barrier,Concrete
"4,001",12,ORA,5,N,500.0000001,2014,2,1,2,1,3,mix,1212627,36,12,2,2,8,8,70,12,Flat,Metal Beam Barrier,Concrete
"4,024",12,ORA,5,N,500.0000001,2014,2,1,2,1,1,buffer,1205471,36,12,5,5,10,10,70,18,Flat,Metal Beam Barrier,Base & Surface
"2,404",7,LA,118,E,500.0000002,2014,2,1,2,1,2,mix,717540,59,11.8,4,4,10,10,70,8,Flat,Concrete Barrier,Concrete
"2,840",7,LA,405,N,500.0000002,2014,2,1,2,1,1,buffer,775191,56,11.2,2,2,10,10,70,14,Mountainous,Concrete Barrier,Base & Surface
"2,942",7,LA,405,S,500.0000002,2014,2,1,2,1,1,buffer,718441,56,11.2,2,2,0,0,70,6,Flat,Concrete Barrier,Concrete
"3,023",7,LA,405,S,500.0000002,2014,2,1,1,0,2,mix,766954,48,12,8,8,10,10,70,22,Mountainous,Concrete Barrier,Base & Surface
"3,073",7,LA,605,N,500.0000002,2014,2,1,2,1,1,buffer,762653,48,12,10,10,10,10,70,36,Flat,Concrete Barrier,Concrete
"3,645",8,SBD,210,W,500.0000002,2014,2,1,1,0,1,continuous,825892,52,13,10,10,10,10,70,45,Flat,Concrete Barrier,Concrete
"4,073",12,ORA,5,S,500.0000002,2014,2,1,2,1,1,buffer,1211801,74,12.3,8,8,10,10,70,18,Flat,Concrete Barrier,Concrete
"4,159",12,ORA,22,E,500.0000002,2014,2,1,1,0,1,continuous,1214821,36,12,5,5,8,8,70,14,Flat,Concrete Barrier,Concrete
"4,233",12,ORA,55,N,500.0000002,2014,2,1,1,0,1,continuous,1209861,71,11.8,2,2,10,10,70,12,Flat,Concrete Barrier,Concrete
"2,617",7,LA,210,E,500.0000003,2014,2,1,2,1,1,buffer,772968,60,12,2,2,10,10,70,6,Flat,Cable Barriers,Bridge Deck
"2,888",7,LA,405,S,500.0000003,2014,2,1,2,1,1,buffer,769219,72,12,10,10,10,10,70,22,Flat,Concrete Barrier,Concrete
"3,069",7,LA,605,N,500.0000003,2014,2,1,2,1,1,buffer,766512,60,12,8,8,10,10,70,36,Flat,Concrete Barrier,Concrete
"3,468",8,RIV,91,E,500.0000003,2014,2,1,1,0,1,continuous,820487,36,12,5,5,8,8,70,22,Flat,Metal Beam Barrier,Concrete
"3,584",8,SBD,210,E,500.0000003,2014,2,1,2,1,1,buffer,809038,52,13,10,10,10,10,70,45,Flat,Concrete Barrier,Concrete
"3,929",12,ORA,5,N,500.0000003,2014,2,1,1,0,1,continuous,1210927,62,12.4,8,8,10,10,70,18,Flat,Concrete Barrier,Concrete
"4,047",12,ORA,5,S,500.0000003,2014,2,1,2,1,1,buffer,1211830,88,12.6,10,10,10,10,70,80,Flat,Concrete Barrier,Concrete
"4,075",12,ORA,5,S,500.0000003,2014,2,1,2,1,2,mix,1204884,88,12.6,12,12,10,10,70,26,Flat,Concrete Barrier,Base & Surface
"1,883",7,LA,10,W,500.0000004,2014,2,1,2,1,1,buffer,775031,48,12,3,3,8,8,70,8,Flat,Metal Beam Barrier,Bridge Deck
"2,657",7,LA,210,W,500.0000004,2014,2,1,2,1,1,buffer,772904,60,12,2,2,10,10,70,6,Flat,Concrete Barrier,Concrete
"2,902",7,LA,405,S,500.0000004,2014,2,1,2,1,1,buffer,762586,56,11.2,2,2,10,10,70,6,Flat,Concrete Barrier,Concrete
"2,959",7,LA,405,S,500.0000004,2014,2,1,2,1,1,buffer,761531,56,11.2,2,2,10,10,70,20,Flat,Concrete Barrier,Bridge Deck
"3,086",7,LA,605,N,500.0000004,2014,2,1,2,1,1,buffer,762686,56,11.2,2,2,10,10,70,6,Flat,Concrete Barrier,Bridge Deck
"3,364",8,RIV,60,W,500.0000004,2014,2,1,1,0,2,mix,823451,36,12,5,5,10,10,70,70,Flat,No Barriers,Concrete
"3,867",11,SD,805,N,500.0000004,2014,2,1,1,0,1,continuous,1126303,48,12,8,8,13,10,70,46,Flat,Metal Beam Barrier,Concrete
"4,095",12,ORA,5,S,500.0000004,2014,2,1,2,1,1,buffer,1213569,62,12.4,8,8,10,10,70,18,Flat,Concrete Barrier,Concrete
"4,434",12,ORA,405,N,500.0000004,2014,2,1,2,1,2,mix,1201487,86,12.3,3,3,10,10,70,8,Flat,Concrete Barrier,Concrete
"4,497",12,ORA,405,N,500.0000004,2014,2,1,2,1,1,buffer,1209335,62,12.4,3,3,10,10,70,8,Flat,Concrete Barrier,Concrete
"2,058",7,LA,57,N,500.0000005,2014,2,1,2,1,1,buffer,769069,58,11.6,3,3,10,10,70,10,Flat,Concrete Barrier,Concrete
"2,505",7,LA,134,W,500.0000005,2014,2,1,2,1,2,mix,761025,36,12,8,8,10,10,70,22,Flat,No Barriers,Bridge Deck
"2,785",7,LA,405,N,500.0000005,2014,2,1,2,1,1,buffer,717722,67,11.2,2,2,0,0,70,6,Flat,Concrete Barrier,Concrete
"2,952",7,LA,405,S,500.0000005,2014,2,1,2,1,1,buffer,771848,67,11.2,3,3,10,10,70,6,Flat,Concrete Barrier,Concrete
"3,146",7,LA,605,S,500.0000005,2014,2,1,2,1,3,mix,775692,56,11.2,2,2,0,0,70,6,Flat,Concrete Barrier,Concrete
"3,423",8,SBD,71,S,500.0000005,2014,2,1,2,1,1,buffer,812822,40,13.3,10,10,10,10,70,22,Rolling,Concrete Barrier,Concrete
"3,771",8,SBD,215,S,500.0000005,2014,2,1,1,0,1,continuous,824302,36,12,5,2,8,8,70,22,Flat,Guardrail,Concrete
"3,880",11,SD,805,S,500.0000005,2014,2,1,1,0,1,continuous,1125911,60,12,8,8,10,10,70,46,Flat,Metal Beam Barrier,Concrete
"4,028",12,ORA,5,N,500.0000005,2014,2,3,2,1,2,mix,1212247,36,12,5,5,10,10,70,18,Flat,Concrete Barrier,Base & Surface
"4,472",12,ORA,405,N,500.0000005,2014,2,1,2,1,1,buffer,1201259,74,14.8,10,10,10,10,70,18,Flat,Concrete Barrier,Concrete
"2,564",7,LA,210,E,500.0000006,2014,2,1,2,1,1,buffer,737490,59,11.8,2,2,10,10,70,52,Flat,Concrete Barrier,Concrete
"2,784",7,LA,405,N,500.0000006,2014,2,1,2,1,1,buffer,762559,45,11.3,2,2,10,10,70,6,Flat,Concrete Barrier,Concrete
"2,811",7,LA,405,N,500.0000006,2014,2,1,2,1,2,mix,762523,56,11.2,2,2,10,10,70,6,Flat,Concrete Barrier,Bridge Deck
"3,305",8,RIV,60,W,500.0000006,2014,2,1,1,0,1,continuous,824068,24,12,5,2,8,8,70,46,Rolling,No Barriers,Base & Surface
"3,639",8,SBD,210,W,500.0000006,2014,2,1,1,0,1,continuous,809271,52,13,10,10,10,10,70,45,Flat,Concrete Barrier,Concrete
"2,444",7,LA,134,E,500.0000007,2014,2,1,2,1,2,mix,773881,55,11,2,2,8,8,70,22,Flat,No Barriers,Bridge Deck
"2,805",7,LA,405,N,500.0000007,2014,2,1,2,1,2,mix,762517,56,11.2,2,2,10,10,70,6,Flat,Concrete Barrier,Bridge Deck
"2,808",7,LA,405,N,500.0000007,2014,2,1,2,1,1,buffer,764667,67,11.2,2,2,10,10,70,6,Flat,Concrete Barrier,Concrete
"2,977",7,LA,405,S,500.0000007,2014,2,1,2,1,2,mix,765271,56,11.2,1,1,0,0,70,6,Flat,Concrete Barrier,Bridge Deck
"2,230",7,LA,91,E,500.000001,2014,2,1,2,1,2,mix,768914,45,11.3,2,2,10,10,70,6,Flat,Concrete Barrier,Concrete
"2,889",7,LA,405,S,500.000001,2014,2,1,1,0,2,mix,761440,56,11.2,2,2,10,10,70,12,Flat,Concrete Barrier,Bridge Deck
"3,604",8,SBD,210,E,500.000001,2014,2,1,2,1,1,buffer,825953,52,13,11,11,11,11,70,45,Flat,Bridge barrier,Concrete
"2,757",7,LA,405,N,500.0000011,2014,2,1,2,1,1,buffer,774106,48,12,8,8,10,10,70,22,Flat,Concrete Barrier,Concrete
"4,218",12,ORA,55,N,499.999999,2014,3,1,1,0,1,continuous,1214323,56,11.2,2,2,10,10,70,14,Flat,Concrete Barrier,Concrete
"3,901",11,SD,805,S,499.9999991,2014,3,1,1,0,2,mix,1125916,48,12,8,8,10,10,70,30,Flat,Concrete Barrier,Concrete
"4,573",12,ORA,405,S,499.9999991,2014,3,2,1,0,1,continuous,1209375,86,12.3,3,3,10,10,70,18,Flat,Concrete Barrier,Concrete
"3,412",8,SBD,71,N,499.9999992,2014,3,1,2,1,1,buffer,826123,52,13,10,10,10,10,70,22,Rolling,Concrete Barrier,Concrete
"2,090",7,LA,60,E,499.9999993,2014,3,1,2,1,1,buffer,774627,48,12,8,8,8,8,70,22,Rolling,Concrete Barrier,Concrete
"3,061",7,LA,605,N,499.9999993,2014,3,1,2,1,1,buffer,763654,48,12,10,10,10,10,70,36,Flat,Concrete Barrier,Concrete
"3,243",8,RIV,60,E,499.9999993,2014,3,1,1,0,1,continuous,823448,36,12,5,5,10,10,70,70,Flat,No Barriers,Concrete
"4,256",12,ORA,55,S,499.9999993,2014,3,1,1,0,1,continuous,1203315,76,12.7,4,4,10,10,70,22,Flat,Concrete Barrier,Base & Surface
"2,308",7,LA,105,E,499.9999994,2014,3,1,2,1,1,buffer,767839,52,13,10,10,9,9,70,56,Flat,Concrete Barrier,Concrete
"2,919",7,LA,405,S,499.9999994,2014,3,1,2,1,2,mix,762600,56,11.2,2,2,10,10,70,6,Flat,Concrete Barrier,Bridge Deck
"3,523",8,RIV,91,W,499.9999994,2014,3,1,1,0,1,continuous,826362,36,12,5,5,8,8,70,22,Flat,Metal Beam Barrier,Concrete
"3,633",8,SBD,210,E,499.9999994,2014,3,1,2,1,1,buffer,809125,52,13,11,11,11,11,70,45,Flat,Bridge barrier,Concrete
"3,924",12,ORA,5,N,499.9999994,2014,3,1,1,0,1,continuous,1210927,62,12.4,8,8,10,10,70,18,Flat,Concrete Barrier,Concrete
"4,085",12,ORA,5,S,499.9999994,2014,3,1,2,1,2,mix,1204965,76,12.7,12,12,10,10,70,26,Flat,Concrete Barrier,Base & Surface
"4,199",12,ORA,22,W,499.9999994,2014,3,1,1,0,2,mix,1214870,36,12,5,5,8,8,70,14,Flat,Concrete Barrier,Concrete
"2,137",7,LA,60,W,499.9999995,2014,3,1,2,1,1,buffer,774634,48,12,8,8,8,8,70,22,Rolling,Concrete Barrier,Concrete
"2,400",7,LA,118,E,499.9999995,2014,3,1,2,1,1,buffer,765921,58,11.6,3,3,10,10,70,6,Mountainous,Concrete Barrier,Bridge Deck
"3,874",11,SD,805,N,499.9999995,2014,3,1,1,0,2,mix,1125788,48,12,8,8,13,10,70,46,Flat,Metal Beam Barrier,Concrete
"4,486",12,ORA,405,N,499.9999995,2014,3,1,2,1,2,mix,1201209,62,12.4,10,10,10,10,70,48,Flat,Concrete Barrier,Concrete
"2,585",7,LA,210,E,499.9999996,2014,3,1,2,1,1,buffer,772919,60,12,2,2,10,10,70,6,Flat,Concrete Barrier,Concrete
"3,613",8,SBD,210,E,499.9999996,2014,3,1,2,1,1,buffer,813015,52,13,11,11,11,11,70,45,Flat,Bridge barrier,Concrete
"3,889",11,SD,805,S,499.9999996,2014,3,1,1,0,2,mix,1126336,60,12,8,8,13,10,70,46,Flat,Metal Beam Barrier,Concrete
"2,598",7,LA,210,E,499.9999997,2014,3,1,2,1,1,buffer,761199,60,12,2,2,10,10,70,6,Flat,Concrete Barrier,Bridge Deck
"2,821",7,LA,405,N,499.9999997,2014,3,1,2,1,1,buffer,775250,56,11.2,2,2,10,10,70,14,Mountainous,Concrete Barrier,Base & Surface
"2,851",7,LA,405,N,499.9999997,2014,3,1,1,0,1,continuous,775193,56,11.2,8,8,10,10,70,22,Mountainous,Concrete Barrier,Base & Surface
"2,868",7,LA,405,N,499.9999997,2014,3,1,2,1,1,buffer,775157,67,11.2,2,2,2,2,70,14,Mountainous,Concrete Barrier,Concrete
"3,638",8,SBD,210,W,499.9999997,2014,3,1,1,0,1,continuous,809258,52,13,10,10,10,10,70,45,Flat,Concrete Barrier,Concrete
"4,140",12,ORA,5,S,499.9999997,2014,3,1,2,1,1,buffer,1212610,48,12,2,2,10,10,70,18,Flat,Metal Beam Barrier,Concrete
"4,264",12,ORA,55,S,499.9999997,2014,3,1,1,0,1,continuous,1214254,62,12.4,8,8,10,10,70,18,Flat,Concrete Barrier,Concrete
"4,560",12,ORA,405,S,499.9999997,2014,3,1,2,1,2,mix,1209047,62,12.4,10,10,10,10,70,48,Flat,Concrete Barrier,Concrete
"2,499",7,LA,210,W,499.9999998,2014,3,1,2,1,2,mix,717632,82,11.7,2,2,10,10,70,6,Flat,Concrete Barrier,Concrete
"3,141",7,LA,605,S,499.9999998,2014,3,1,2,1,1,buffer,766930,56,11.2,2,2,10,10,70,20,Flat,Concrete Barrier,Concrete
"3,278",8,RIV,60,E,499.9999998,2014,3,1,2,1,2,mix,823464,24,12,5,2,8,8,70,46,Flat,Metal Beam Barrier,Concrete
"3,624",8,SBD,210,E,499.9999998,2014,3,1,2,1,1,buffer,826215,52,13,11,11,11,11,70,45,Flat,Bridge barrier,Concrete
"3,695",8,SBD,210,W,499.9999998,2014,3,1,1,0,1,continuous,816210,52,13,11,11,11,11,70,45,Flat,Bridge barrier,Concrete
"3,990",12,ORA,5,N,499.9999998,2014,3,1,1,0,2,mix,1204859,76,12.7,12,12,10,10,70,26,Flat,Concrete Barrier,Base & Surface
"4,044",12,ORA,5,S,499.9999998,2014,3,1,2,2,1,barrier,1209826,104,14.9,4,4,10,10,70,10,Flat,Concrete Barrier,Concrete
"4,411",12,ORA,91,W,499.9999998,2014,3,1,2,1,1,buffer,1212134,36,12,0,0,10,10,70,22,Flat,Metal Beam Barrier,Concrete
"1,817",7,LA,5,S,499.9999999,2014,3,1,2,1,1,buffer,775390,84,12,10,10,10,10,70,15,Flat,Concrete Barrier,Concrete
"2,062",7,LA,57,S,499.9999999,2014,3,1,2,1,1,buffer,763595,60,12,2,2,10,10,60,6,Flat,Concrete Barrier,Bridge Deck
"2,208",7,LA,91,E,499.9999999,2014,3,1,2,1,1,buffer,763473,47,11.8,3,3,10,10,70,7,Flat,Concrete Barrier,Concrete