FID,District,County,Route,Direction,distance,Year,Accidents,Lanes,Access1,Limited,AccessNum,AccessType,ID,RoadWidth,LaneWidth,InnerShoulderWidth,InnerShoulderTreatedWidth,OuterShoulderWidth,OuterShoulderTreatedWidth,DesignSpeedLimit,InnerMedianWidth,Terrain,Barrier,Surface
"2,827",7,LA,405,N,499.9999999,2014,3,1,2,1,1,buffer,765195,48,12,10,10,10,10,70,13,Mountainous,Concrete Barrier,Concrete
"3,748",8,SBD,215,N,499.9999999,2014,3,1,1,0,1,continuous,824266,36,12,5,2,8,8,70,48,Flat,No Barriers,Concrete
"3,956",12,ORA,5,N,499.9999999,2014,3,1,2,1,1,buffer,1210083,62,12.4,8,8,10,10,70,18,Flat,Concrete Barrier,Bridge Deck
"3,993",12,ORA,5,N,499.9999999,2014,3,1,2,1,1,buffer,1205086,88,12.6,12,12,10,10,70,26,Flat,Concrete Barrier,Base & Surface
"4,017",12,ORA,5,N,499.9999999,2014,3,1,2,1,6,mix,1216517,48,12,2,2,10,10,70,18,Flat,Metal Beam Barrier,Concrete
"4,021",12,ORA,5,N,499.9999999,2014,3,1,2,1,3,mix,1212565,36,12,2,2,8,8,70,12,Flat,Metal Beam Barrier,Concrete
"4,118",12,ORA,5,S,499.9999999,2014,3,1,2,1,2,mix,1212149,36,12,5,5,10,10,70,18,Flat,Concrete Barrier,Base & Surface
"2,082",7,LA,60,E,500,2014,3,1,2,1,1,buffer,774636,48,12,8,8,8,8,70,22,Rolling,Concrete Barrier,Concrete
"2,143",7,LA,60,W,500,2014,3,1,2,1,1,buffer,774126,48,12,8,8,8,8,70,22,Rolling,Concrete Barrier,Concrete
"2,362",7,LA,105,W,500,2014,3,1,2,1,1,buffer,760460,64,12.8,10,10,10,10,70,56,Flat,Concrete Barrier,Concrete
"2,479",7,LA,134,E,500,2014,3,1,1,0,2,mix,773997,56,11.2,3,3,10,10,70,8,Rolling,Concrete Barrier,Concrete
"2,485",7,LA,134,W,500,2014,3,1,2,1,1,buffer,774055,56,11.2,2,2,8,8,70,6,Rolling,Concrete Barrier,Bridge Deck
"2,636",7,LA,210,E,500,2014,3,1,2,1,1,buffer,767882,52,13,11,11,10,10,70,24,Flat,Concrete Barrier,Base & Surface
"3,178",8,SBD,10,E,500,2014,3,1,2,1,2,mix,806586,48,12,8,8,10,10,70,16,Flat,Metal Beam Barrier,Concrete
"3,252",8,RIV,60,E,500,2014,3,1,2,1,2,mix,823456,36,12,5,5,10,10,70,70,Flat,No Barriers,Concrete
"3,299",8,RIV,60,E,500,2014,3,1,1,0,1,continuous,819923,24,12,5,5,8,8,70,46,Rolling,Concrete Barrier,Base & Surface
"3,731",8,SBD,215,N,500,2014,3,1,1,0,1,continuous,824305,36,12,5,5,8,8,70,22,Flat,Guardrail,Concrete
"3,865",11,SD,805,N,500,2014,3,1,1,0,1,continuous,1126313,48,12,8,8,13,10,70,46,Flat,Metal Beam Barrier,Concrete
"3,912",11,SD,805,S,500,2014,3,1,2,1,1,buffer,1125991,60,12,8,8,10,10,70,42,Flat,Concrete Barrier,Concrete
"3,988",12,ORA,5,N,500,2014,3,1,2,1,3,mix,1209764,104,14.9,4,4,10,10,70,10,Flat,Concrete Barrier,Concrete
"4,125",12,ORA,5,S,500,2014,3,1,2,1,2,mix,1212644,36,12,2,2,8,8,70,12,Flat,Metal Beam Barrier,Concrete
"2,071",7,LA,60,E,500.0000001,2014,3,1,2,1,1,buffer,774968,60,12,8,8,10,10,70,22,Rolling,Concrete Barrier,Concrete
"2,111",7,LA,60,E,500.0000001,2014,3,1,2,1,1,buffer,774929,78,11.1,2,2,8,8,70,6,Rolling,Concrete Barrier,Concrete
"2,314",7,LA,105,E,500.0000001,2014,3,1,2,1,1,buffer,760242,64,12.8,10,10,9,9,70,50,Flat,Concrete Barrier,Concrete
"3,971",12,ORA,5,N,500.0000001,2014,3,1,2,1,1,buffer,1204876,88,12.6,12,12,10,10,70,26,Flat,Concrete Barrier,Base & Surface
"2,633",7,LA,210,E,500.0000002,2014,3,1,2,1,3,mix,768025,64,12.8,22,22,10,10,70,46,Flat,Concrete Barrier,Base & Surface
"2,703",7,LA,210,W,500.0000002,2014,3,1,2,1,1,buffer,767909,52,13,11,11,10,10,70,46,Flat,Concrete Barrier,Base & Surface
"3,320",8,RIV,60,W,500.0000002,2014,3,1,1,0,1,continuous,810373,24,12,5,5,8,8,70,46,Rolling,Concrete Barrier,Base & Surface
"3,725",8,SBD,215,N,500.0000002,2014,3,1,1,0,1,continuous,825690,36,12,8,8,11,8,70,22,Flat,Concrete Barrier,Base & Surface
"3,943",12,ORA,5,N,500.0000002,2014,3,1,2,1,1,buffer,1205010,88,12.6,12,12,10,10,70,26,Flat,Concrete Barrier,Bridge Deck
"2,188",7,LA,91,E,500.0000003,2014,3,1,2,1,1,buffer,763466,60,12,2,2,10,10,70,7,Flat,Concrete Barrier,Concrete
"2,211",7,LA,91,E,500.0000003,2014,3,1,2,1,2,mix,773383,83,11.9,3,3,11,11,70,7,Flat,Concrete Barrier,Concrete
"2,240",7,LA,91,W,500.0000003,2014,3,1,2,1,2,mix,773384,84,12,2,2,10,10,70,7,Flat,Concrete Barrier,Concrete
"2,315",7,LA,105,E,500.0000003,2014,3,1,1,0,3,mix,767839,52,13,10,10,9,9,70,56,Flat,Concrete Barrier,Concrete
"2,844",7,LA,405,N,500.0000003,2014,3,1,1,0,2,mix,775170,67,11.2,2,2,0,0,70,8,Mountainous,Concrete Barrier,Concrete
"2,953",7,LA,405,S,500.0000003,2014,3,1,2,1,3,mix,718236,67,11.2,3,3,10,10,70,6,Flat,Concrete Barrier,Concrete
"3,181",8,SBD,10,E,500.0000003,2014,3,1,2,1,1,buffer,806489,48,12,7,7,10,10,70,16,Flat,Metal Beam Barrier,Bridge Deck
"4,092",12,ORA,5,S,500.0000003,2014,3,1,2,1,2,mix,1211177,62,12.4,8,8,10,10,70,18,Flat,Concrete Barrier,Bridge Deck
"4,143",12,ORA,5,S,500.0000003,2014,3,1,2,2,3,mix,1210036,100,16.7,4,4,10,10,70,80,Flat,Concrete Barrier,Concrete
"2,355",7,LA,105,W,500.0000004,2014,3,1,2,1,1,buffer,760207,52,13,10,10,10,10,70,55,Flat,Concrete Barrier,Bridge Deck
"2,370",7,LA,105,W,500.0000004,2014,3,1,2,1,1,buffer,760345,72,12,10,10,10,10,70,46,Flat,Concrete Barrier,Concrete
"2,642",7,LA,210,W,500.0000004,2014,3,1,2,1,1,buffer,761325,69,11.5,2,2,10,10,70,50,Flat,Concrete Barrier,Concrete
"3,352",8,SBD,60,W,500.0000004,2014,3,1,1,0,1,continuous,806348,48,12,5,5,10,10,70,70,Flat,Guardrail,Concrete
"3,808",11,SD,5,N,500.0000004,2014,3,1,1,0,2,mix,1122553,72,12,8,8,10,10,70,36,Rolling,Metal Beam Barrier,Concrete
"3,872",11,SD,805,N,500.0000004,2014,3,1,1,0,3,mix,1126321,60,12,8,8,13,10,70,46,Flat,Metal Beam Barrier,Concrete
"3,887",11,SD,805,S,500.0000004,2014,3,1,1,0,1,continuous,1126726,48,12,8,8,13,10,70,46,Flat,Metal Beam Barrier,Concrete
"4,488",12,ORA,405,N,500.0000004,2014,3,1,2,1,1,buffer,1209187,74,14.8,11,11,10,10,70,48,Flat,Concrete Barrier,Concrete
"4,575",12,ORA,405,S,500.0000004,2014,3,2,2,1,2,mix,1209356,86,12.3,3,3,10,10,70,8,Flat,Concrete Barrier,Concrete
"2,317",7,LA,105,E,500.0000005,2014,3,1,2,1,2,mix,760213,52,13,10,10,9,9,70,55,Flat,Concrete Barrier,Bridge Deck
"2,324",7,LA,105,W,500.0000005,2014,3,1,2,1,1,buffer,763710,76,12.7,10,10,10,10,70,56,Flat,Concrete Barrier,Concrete
"2,409",7,LA,118,W,500.0000005,2014,3,1,2,1,1,buffer,760677,71,11.8,4,4,10,10,70,8,Flat,Concrete Barrier,Bridge Deck
"3,614",8,SBD,210,E,500.0000005,2014,3,1,2,1,1,buffer,826215,52,13,11,11,11,11,70,45,Flat,Bridge barrier,Concrete
"4,019",12,ORA,5,N,500.0000005,2014,3,1,2,1,1,buffer,1212648,36,12,2,2,8,8,70,12,Flat,Metal Beam Barrier,Concrete
"4,134",12,ORA,5,S,500.0000005,2014,3,1,2,1,2,mix,1205482,36,12,2,2,8,8,70,12,Flat,Metal Beam Barrier,Concrete
"4,441",12,ORA,405,N,500.0000005,2014,3,1,2,1,2,mix,1201635,62,12.4,3,3,10,10,70,8,Flat,Concrete Barrier,Concrete
"4,515",12,ORA,405,S,500.0000005,2014,3,2,2,1,3,mix,1201467,86,12.3,3,3,10,10,70,8,Flat,Concrete Barrier,Concrete
"3,746",8,SBD,215,N,500.0000006,2014,3,1,1,0,1,continuous,824371,36,12,5,5,8,8,70,90,Flat,No Barriers,Concrete
"3,786",8,SBD,215,S,500.0000006,2014,3,1,1,0,1,continuous,825702,36,12,8,8,11,8,70,22,Flat,Concrete Barrier,Base & Surface
"2,717",7,LA,210,W,500.0000008,2014,3,1,2,1,1,buffer,767983,64,12.8,22,22,10,10,70,46,Flat,Concrete Barrier,Base & Surface
"4,568",12,ORA,405,S,500.0000008,2014,3,2,2,1,3,mix,1219527,92,11.5,3,3,10,10,70,8,Flat,Concrete Barrier,Concrete
"4,530",12,ORA,405,S,500.0000009,2014,3,2,2,1,3,mix,1209205,86,12.3,8,8,2,2,70,8,Flat,Concrete Barrier,Concrete
"3,904",11,SD,805,S,467.2684822,2014,4,1,1,0,1,continuous,1125916,48,12,8,8,10,10,70,30,Flat,Concrete Barrier,Concrete
"1,842",7,LA,10,E,476.5576063,2014,4,1,2,1,2,mix,774746,48,12,7,7,10,10,70,16,Flat,Concrete Barrier,Bridge Deck
"3,773",8,SBD,215,S,499.999999,2014,4,1,1,0,1,continuous,825697,36,12,8,8,11,8,70,22,Flat,Concrete Barrier,Base & Surface
"3,177",8,SBD,10,E,499.9999992,2014,4,1,1,0,2,mix,806586,48,12,8,8,10,10,70,16,Flat,Metal Beam Barrier,Concrete
"4,139",12,ORA,5,S,499.9999992,2014,4,2,2,1,4,mix,1205482,36,12,2,2,8,8,70,12,Flat,Metal Beam Barrier,Concrete
"2,187",7,LA,91,E,499.9999993,2014,4,1,2,1,1,buffer,717419,58,11.6,3,3,10,10,70,7,Flat,Concrete Barrier,Bridge Deck
"4,006",12,ORA,5,N,499.9999993,2014,4,1,2,2,3,mix,1212013,88,12.6,5,5,10,10,70,40,Flat,Concrete Barrier,Concrete
"4,014",12,ORA,5,N,499.9999993,2014,4,1,1,0,2,mix,1212150,36,12,5,5,10,10,70,18,Flat,Concrete Barrier,Base & Surface
"2,745",7,LA,405,N,499.9999994,2014,4,1,2,1,1,buffer,762535,56,11.2,2,2,10,10,70,6,Flat,Concrete Barrier,Concrete
"3,107",7,LA,605,S,499.9999994,2014,4,1,2,1,1,buffer,717889,56,11.2,2,2,10,10,70,6,Flat,Concrete Barrier,Bridge Deck
"3,286",8,RIV,60,E,499.9999994,2014,4,1,1,0,1,continuous,820735,24,12,5,2,8,8,70,46,Rolling,No Barriers,Base & Surface
"4,372",12,ORA,91,E,499.9999994,2014,4,1,1,0,1,continuous,1212789,44,11,2,2,8,8,70,14,Flat,Concrete Barrier,Concrete
"1,805",7,LA,5,N,499.9999995,2014,4,1,2,1,1,buffer,771155,60,12,0,0,8,8,70,22,Flat,Concrete Barrier,Concrete
"2,282",7,LA,105,E,499.9999995,2014,4,1,1,0,2,mix,760117,64,12.8,10,10,10,10,70,56,Flat,Concrete Barrier,Concrete
"2,299",7,LA,105,E,499.9999995,2014,4,1,2,1,1,buffer,760206,52,13,10,10,9,9,70,55,Flat,Concrete Barrier,Bridge Deck
"2,481",7,LA,134,W,499.9999995,2014,4,1,2,1,1,buffer,717604,56,11.2,3,3,0,0,70,8,Rolling,Concrete Barrier,Bridge Deck
"2,738",7,LA,405,N,499.9999995,2014,4,1,1,0,2,mix,769242,60,12,10,10,10,10,70,22,Flat,Concrete Barrier,Bridge Deck
"3,050",7,LA,605,N,499.9999995,2014,4,1,2,1,1,buffer,717920,56,11.2,2,2,10,10,70,6,Flat,Concrete Barrier,Concrete
"3,720",8,SBD,215,N,499.9999995,2014,4,1,1,0,2,mix,819756,48,12,5,5,13,13,70,16,Flat,Metal Beam Barrier,Bridge Deck
"3,727",8,SBD,215,N,499.9999995,2014,4,1,1,0,1,continuous,819765,36,12,5,2,8,8,70,22,Flat,Metal Beam Barrier,Concrete
"1,844",7,LA,10,E,499.9999996,2014,4,1,2,1,1,buffer,768351,48,12,7,7,10,10,70,16,Flat,Concrete Barrier,Bridge Deck
"2,390",7,LA,118,E,499.9999996,2014,4,1,2,1,1,buffer,717545,71,11.8,4,4,10,10,70,8,Flat,Concrete Barrier,Concrete
"2,587",7,LA,210,E,499.9999996,2014,4,1,2,1,1,buffer,761149,68,11.3,3,3,7,7,70,18,Flat,Concrete Barrier,Concrete
"3,580",8,SBD,210,E,499.9999996,2014,4,1,2,1,1,buffer,819553,52,13,10,10,10,10,70,45,Flat,Concrete Barrier,Concrete
"3,587",8,SBD,210,E,499.9999996,2014,4,1,2,1,3,mix,808988,52,13,10,10,10,10,70,45,Flat,Concrete Barrier,Concrete
"4,406",12,ORA,91,W,499.9999996,2014,4,1,2,1,3,mix,1213425,24,12,0,0,8,8,70,22,Flat,Concrete Barrier,Concrete
"4,542",12,ORA,405,S,499.9999996,2014,4,1,2,1,1,buffer,1214083,68,11.3,13,13,10,10,70,18,Flat,Concrete Barrier,Concrete
"2,245",7,LA,91,W,499.9999997,2014,4,1,2,1,1,buffer,759984,68,11.3,2,2,8,8,70,7,Flat,Concrete Barrier,Concrete
"2,273",7,LA,105,E,499.9999997,2014,4,1,2,1,1,buffer,760173,64,12.8,10,10,9,9,70,68,Flat,Concrete Barrier,Concrete
"3,677",8,SBD,210,W,499.9999997,2014,4,1,1,0,1,continuous,826081,52,13,11,11,11,11,70,45,Flat,Bridge barrier,Concrete
"3,745",8,SBD,215,N,499.9999997,2014,4,1,1,0,1,continuous,824371,36,12,5,5,8,8,70,90,Flat,No Barriers,Concrete
"3,856",11,SD,805,N,499.9999997,2014,4,1,2,1,2,mix,1125461,48,12,8,8,10,10,70,30,Flat,Concrete Barrier,Concrete
"4,051",12,ORA,5,S,499.9999997,2014,4,1,2,1,2,mix,1204714,64,12.8,13,13,10,10,70,26,Flat,Concrete Barrier,Base & Surface
"4,439",12,ORA,405,N,499.9999997,2014,4,1,2,1,1,buffer,1201508,86,12.3,3,3,10,10,70,8,Flat,Concrete Barrier,Concrete
"2,200",7,LA,91,E,499.9999998,2014,4,1,2,1,1,buffer,763602,71,11.8,3,3,11,11,70,19,Flat,Concrete Barrier,Concrete
"2,764",7,LA,405,N,499.9999998,2014,4,1,2,1,1,buffer,771847,67,11.2,15,15,10,10,70,6,Flat,Concrete Barrier,Concrete
"2,771",7,LA,405,N,499.9999998,2014,4,1,2,1,1,buffer,762543,56,11.2,2,2,10,10,70,6,Flat,Concrete Barrier,Concrete
"3,291",8,RIV,60,E,499.9999998,2014,4,1,1,0,1,continuous,824055,24,12,5,2,8,8,70,46,Rolling,No Barriers,Base & Surface
"4,162",12,ORA,22,E,499.9999998,2014,4,1,1,0,1,continuous,1215072,36,12,5,5,8,8,70,14,Flat,Concrete Barrier,Concrete
"2,159",7,LA,60,W,499.9999999,2014,4,1,2,1,1,buffer,774624,48,12,8,8,8,8,70,22,Rolling,Concrete Barrier,Concrete
"3,293",8,RIV,60,E,499.9999999,2014,4,1,1,0,1,continuous,810371,24,12,5,5,8,8,70,46,Rolling,No Barriers,Base & Surface
"3,488",8,RIV,91,E,499.9999999,2014,4,1,1,0,1,continuous,817547,62,12.4,8,8,10,10,70,18,Flat,Concrete Barrier,Concrete
"3,888",11,SD,805,S,499.9999999,2014,4,2,1,0,3,mix,1125775,60,12,8,8,13,10,70,46,Flat,Metal Beam Barrier,Concrete
"4,399",12,ORA,91,W,499.9999999,2014,4,1,1,0,1,continuous,1213782,36,12,0,0,8,8,70,22,Flat,Concrete Barrier,Concrete
"1,849",7,LA,10,E,500,2014,4,1,2,1,1,buffer,768304,48,12,7,7,10,10,70,16,Flat,Metal Beam Barrier,Concrete
"2,405",7,LA,118,W,500,2014,4,1,2,1,2,mix,773668,48,12,3,3,10,10,70,18,Mountainous,Concrete Barrier,Concrete
"3,120",7,LA,605,S,500,2014,4,1,2,1,1,buffer,762675,56,11.2,2,2,10,10,70,6,Flat,Concrete Barrier,Concrete
"3,202",8,SBD,10,W,500,2014,4,1,2,1,1,buffer,806580,48,12,7,7,10,10,70,16,Flat,Metal Beam Barrier,Bridge Deck
"3,747",8,SBD,215,N,500,2014,4,1,1,0,1,continuous,825711,36,12,0,0,8,8,70,22,Flat,Metal Beam Barrier,Base & Surface
"3,750",8,SBD,215,N,500,2014,4,1,1,0,1,continuous,825711,36,12,0,0,8,8,70,22,Flat,Metal Beam Barrier,Base & Surface
"3,831",11,SD,5,S,500,2014,4,1,2,1,1,buffer,1122584,60,12,12,12,10,10,70,36,Rolling,Concrete Barrier,Concrete
"3,916",12,ORA,5,N,500,2014,4,1,1,0,1,continuous,1210061,62,12.4,8,8,10,10,70,20,Flat,Concrete Barrier,Bridge Deck
"2,237",7,LA,91,W,500.0000001,2014,4,1,2,1,2,mix,759982,57,11.4,2,2,10,10,70,7,Flat,Concrete Barrier,Concrete
"2,291",7,LA,105,E,500.0000001,2014,4,1,2,1,1,buffer,760110,64,12.8,10,10,10,10,70,68,Flat,Concrete Barrier,Concrete
"2,466",7,LA,134,E,500.0000001,2014,4,1,2,1,1,buffer,763608,56,11.2,3,3,10,10,70,8,Rolling,Concrete Barrier,Concrete
"3,382",8,RIV,60,W,500.0000001,2014,4,1,2,1,1,buffer,823438,36,12,5,5,10,10,70,54,Flat,Concrete Barrier,Concrete
"2,088",7,LA,60,E,500.0000002,2014,4,1,2,1,1,buffer,774632,48,12,0,0,8,8,70,22,Rolling,Concrete Barrier,Concrete
"2,306",7,LA,105,E,500.0000002,2014,4,1,2,1,1,buffer,760130,76,12.7,9,9,10,10,70,68,Flat,Concrete Barrier,Concrete
"2,670",7,LA,210,W,500.0000002,2014,4,1,2,1,1,buffer,761428,59,11.8,2,2,9,9,70,52,Flat,Concrete Barrier,Concrete
"3,070",7,LA,605,N,500.0000002,2014,4,1,2,1,2,mix,766514,48,12,8,8,10,10,70,36,Flat,Concrete Barrier,Concrete
"3,313",8,RIV,60,W,500.0000002,2014,4,1,1,0,1,continuous,820737,24,12,5,2,8,8,70,46,Rolling,No Barriers,Base & Surface
"3,735",8,SBD,215,N,500.0000002,2014,4,1,1,0,1,continuous,819751,36,12,5,2,8,8,70,22,Flat,Metal Beam Barrier,Concrete
"4,207",12,ORA,22,W,500.0000002,2014,4,1,1,0,2,mix,1215114,36,12,30,30,8,8,70,36,Flat,Concrete Barrier,Concrete
"4,232",12,ORA,55,N,500.0000002,2014,4,1,1,0,1,continuous,1203301,76,12.7,4,4,8,8,70,22,Flat,Concrete Barrier,Concrete
"2,140",7,LA,60,W,500.0000003,2014,4,1,2,1,1,buffer,773538,48,12,8,8,8,8,70,22,Rolling,Concrete Barrier,Concrete
"2,292",7,LA,105,E,500.0000003,2014,4,1,2,1,1,buffer,760199,52,13,10,10,9,9,70,65,Flat,Concrete Barrier,Concrete
"2,563",7,LA,210,E,500.0000003,2014,4,1,2,1,1,buffer,761117,60,12,2,2,10,10,70,6,Flat,Concrete Barrier,Concrete
"2,575",7,LA,210,E,500.0000003,2014,4,1,2,1,1,buffer,761138,60,12,2,2,10,10,70,6,Flat,Concrete Barrier,Bridge Deck
"2,911",7,LA,405,S,500.0000003,2014,4,1,2,1,1,buffer,771878,56,11.2,2,2,0,0,70,6,Flat,Concrete Barrier,Concrete
"2,955",7,LA,405,S,500.0000003,2014,4,1,2,1,3,mix,762588,67,11.2,2,2,10,10,70,6,Flat,Concrete Barrier,Concrete
"3,040",7,LA,605,N,500.0000003,2014,4,1,2,1,2,mix,767234,48,12,10,10,10,10,70,36,Flat,Concrete Barrier,Concrete
"3,053",7,LA,605,N,500.0000003,2014,4,1,2,1,1,buffer,717876,68,11.3,2,2,10,10,70,6,Flat,Concrete Barrier,Concrete
"3,545",8,RIV,91,W,500.0000003,2014,4,1,1,0,1,continuous,826368,47,15.7,0,0,0,0,70,20,Flat,Metal Beam Barrier,Bridge Deck
"3,713",8,RIV,215,N,500.0000003,2014,4,1,1,0,1,continuous,816021,36,12,10,10,8,8,70,20,Flat,Concrete Barrier,Bridge Deck
"3,816",11,SD,5,N,500.0000003,2014,4,1,2,1,1,buffer,1122576,60,12,8,8,10,10,70,36,Rolling,Concrete Barrier,Concrete
"4,013",12,ORA,5,N,500.0000003,2014,4,1,2,1,2,mix,1212150,36,12,5,5,10,10,70,18,Flat,Concrete Barrier,Base & Surface
"4,191",12,ORA,22,W,500.0000003,2014,4,1,1,0,1,continuous,1215077,36,12,5,5,8,8,70,14,Flat,Concrete Barrier,Concrete
"4,229",12,ORA,55,N,500.0000003,2014,4,1,1,0,1,continuous,1203182,62,12.4,8,8,10,10,70,18,Flat,Concrete Barrier,Concrete
"4,267",12,ORA,55,S,500.0000003,2014,4,1,1,0,1,continuous,1203237,74,12.3,8,8,10,10,70,12,Flat,Concrete Barrier,Concrete
"2,255",7,LA,91,W,500.0000004,2014,4,1,2,1,1,buffer,759990,56,11.2,2,2,10,10,70,6,Flat,Concrete Barrier,Concrete
"2,557",7,LA,210,E,500.0000004,2014,4,1,2,1,1,buffer,772919,60,12,2,2,10,10,70,6,Flat,Concrete Barrier,Concrete
"2,667",7,LA,210,W,500.0000004,2014,4,1,2,1,1,buffer,772920,60,12,2,2,10,10,70,6,Flat,Concrete Barrier,Concrete
"3,847",11,SD,805,N,500.0000004,2014,4,1,1,0,2,mix,1125960,49,12.3,8,8,10,10,70,46,Flat,Metal Beam Barrier,Concrete
"4,023",12,ORA,5,N,500.0000004,2014,4,1,2,1,1,buffer,1212191,36,12,5,5,10,10,70,18,Flat,Metal Beam Barrier,Base & Surface
"1,797",7,LA,5,N,500.0000005,2014,4,1,2,1,1,buffer,771150,36,12,8,8,10,10,70,22,Flat,Concrete Barrier,Concrete
"1,814",7,LA,5,S,500.0000005,2014,4,1,2,1,1,buffer,775461,72,12,10,10,10,10,70,15,Flat,Concrete Barrier,Concrete
"2,057",7,LA,57,N,500.0000005,2014,4,1,2,1,1,buffer,763551,60,12,2,2,10,10,70,6,Flat,Concrete Barrier,Concrete
"3,675",8,SBD,210,W,500.0000005,2014,4,1,1,0,1,continuous,825910,52,13,11,11,11,11,70,45,Flat,Bridge barrier,Concrete
"3,698",8,SBD,210,W,500.0000005,2014,4,1,1,0,1,continuous,814500,52,13,11,11,11,11,70,45,Flat,Concrete Barrier,Concrete
"3,793",8,RIV,215,S,500.0000005,2014,4,1,1,0,1,continuous,819963,36,12,5,5,8,8,70,30,Rolling,Concrete Barrier,Base & Surface
"3,902",11,SD,805,S,500.0000005,2014,4,1,2,1,2,mix,1125962,48,12,8,8,10,10,70,46,Flat,Metal Beam Barrier,Concrete
"2,323",7,LA,105,E,500.0000006,2014,4,1,2,1,2,mix,760344,72,12,10,10,10,10,70,46,Flat,Concrete Barrier,Concrete
"2,850",7,LA,405,N,500.0000006,2014,4,1,2,1,2,mix,775263,56,11.2,2,2,10,10,70,14,Mountainous,Concrete Barrier,Base & Surface
"3,413",8,SBD,71,N,500.0000006,2014,4,1,2,1,1,buffer,812652,52,13,10,10,10,10,70,22,Rolling,Concrete Barrier,Bridge Deck
"3,798",8,RIV,215,S,500.0000006,2014,4,1,1,0,1,continuous,816034,36,12,10,10,8,8,70,20,Flat,Concrete Barrier,Concrete
"2,270",7,LA,91,W,500.0000007,2014,4,1,2,1,2,mix,767313,56,11.2,2,2,10,10,70,6,Flat,Concrete Barrier,Concrete
"2,653",7,LA,210,W,500.0000007,2014,4,1,2,1,1,buffer,772875,72,12,2,2,10,10,70,30,Flat,Concrete Barrier,Bridge Deck
"3,379",8,RIV,60,W,500.0000007,2014,4,1,1,0,1,continuous,823442,36,12,5,5,10,10,70,70,Flat,No Barriers,Concrete
"4,082",12,ORA,5,S,500.0000007,2014,4,1,2,1,2,mix,1211183,74,12.3,8,8,10,10,70,18,Flat,Concrete Barrier,Concrete
"1,848",7,LA,10,E,500.0000008,2014,4,1,2,1,1,buffer,768341,48,12,7,7,10,10,70,16,Flat,Concrete Barrier,Bridge Deck
"2,685",7,LA,210,W,500.0000008,2014,4,1,1,0,2,mix,717695,60,12,2,2,10,10,70,6,Flat,Concrete Barrier,Bridge Deck
"3,361",8,RIV,60,W,500.0000008,2014,4,1,2,1,1,buffer,823433,24,12,5,2,8,8,70,46,Flat,Metal Beam Barrier,Concrete
"3,863",11,SD,805,N,500.0000008,2014,4,1,2,1,2,mix,1125505,48,12,8,8,10,10,70,42,Flat,Concrete Barrier,Concrete
"4,071",12,ORA,5,S,500.0000008,2014,4,1,2,1,1,buffer,1204814,88,12.6,24,24,10,10,70,26,Flat,Concrete Barrier,Base & Surface
"4,195",12,ORA,22,W,500.0000008,2014,4,1,1,0,1,continuous,1214780,36,12,5,5,8,8,70,14,Flat,Concrete Barrier,Concrete
"3,756",8,SBD,215,S,500.000001,2014,4,1,1,0,1,continuous,819769,36,12,5,2,8,8,70,22,Flat,Metal Beam Barrier,Concrete
"2,774",7,LA,405,N,303.5528594,2014,5,1,1,0,3,mix,762561,45,11.3,2,2,10,10,70,6,Flat,Concrete Barrier,Concrete
"3,057",7,LA,605,N,499.9999991,2014,5,1,2,1,1,buffer,717899,45,11.3,2,2,10,10,70,6,Flat,Concrete Barrier,Concrete
"3,502",8,RIV,91,E,499.9999992,2014,5,1,2,1,1,buffer,820387,36,12,10,10,8,8,70,22,Flat,Concrete Barrier,Concrete
"2,872",7,LA,405,N,499.9999993,2014,5,1,2,1,2,mix,772012,56,11.2,2,2,10,10,70,6,Rolling,Concrete Barrier,Concrete
"3,216",8,SBD,60,E,499.9999993,2014,5,1,1,0,1,continuous,809987,36,12,5,5,10,10,70,70,Flat,Guardrail,Concrete
"4,116",12,ORA,5,S,499.9999993,2014,5,2,2,1,6,mix,1214008,48,12,2,2,10,10,70,18,Flat,Metal Beam Barrier,Concrete
"3,457",8,RIV,91,E,499.9999994,2014,5,1,1,0,1,continuous,826369,36,12,5,2,8,8,70,20,Flat,Metal Beam Barrier,Concrete
"3,460",8,RIV,91,E,499.9999994,2014,5,1,1,0,1,continuous,826423,36,12,5,2,8,8,70,12,Flat,Metal Beam Barrier,Concrete
"3,722",8,SBD,215,N,499.9999994,2014,5,1,1,0,1,continuous,824450,24,12,0,0,0,0,70,99,Flat,Guardrail,Concrete
"4,048",12,ORA,5,S,499.9999994,2014,5,1,2,1,1,buffer,1211818,64,12.8,10,10,10,10,70,14,Flat,Concrete Barrier,Concrete
"4,187",12,ORA,22,W,499.9999994,2014,5,1,1,0,1,continuous,1214832,36,12,5,5,8,8,70,14,Flat,Concrete Barrier,Concrete
"4,206",12,ORA,22,W,499.9999994,2014,5,1,1,0,1,continuous,1214734,36,12,8,8,10,10,70,22,Flat,Concrete Barrier,Bridge Deck
"2,914",7,LA,405,S,499.9999995,2014,5,1,2,1,1,buffer,762553,56,11.2,2,2,10,10,70,6,Flat,Concrete Barrier,Bridge Deck