FID,District,County,Route,Direction,distance,Year,Accidents,Lanes,Access1,Limited,AccessNum,AccessType,ID,RoadWidth,LaneWidth,InnerShoulderWidth,InnerShoulderTreatedWidth,OuterShoulderWidth,OuterShoulderTreatedWidth,DesignSpeedLimit,InnerMedianWidth,Terrain,Barrier,Surface
"3,484",8,RIV,91,E,500.0000002,2014,7,1,1,0,1,continuous,817545,62,12.4,8,8,10,10,70,18,Flat,Concrete Barrier,Concrete
"4,115",12,ORA,5,S,500.0000002,2014,7,1,1,0,2,mix,1212190,36,12,5,5,10,10,70,18,Flat,Metal Beam Barrier,Concrete
"4,273",12,ORA,55,S,500.0000002,2014,7,1,1,0,1,continuous,1203359,44,11,2,2,22,22,70,6,Flat,Concrete Barrier,Base & Surface
"2,224",12,ORA,91,E,500.0000003,2014,7,1,1,0,2,mix,773366,56,11.2,2,2,10,10,70,6,Flat,Concrete Barrier,Concrete
"4,427",12,ORA,91,W,500.0000003,2014,7,1,1,0,1,continuous,1212129,36,12,10,10,10,10,70,22,Flat,Concrete Barrier,Concrete
"4,556",12,ORA,405,S,500.0000003,2014,7,2,1,0,2,mix,1209190,74,14.8,23,23,10,10,70,48,Flat,Concrete Barrier,Concrete
"1,799",7,LA,5,N,500.0000004,2014,7,1,2,1,3,mix,774093,60,12,8,8,10,10,70,30,Flat,Concrete Barrier,Concrete
"2,904",7,LA,405,S,500.0000005,2014,7,1,2,1,1,buffer,718480,56,11.2,2,2,10,10,70,6,Flat,Concrete Barrier,Bridge Deck
"3,385",8,RIV,60,W,500.0000005,2014,7,1,2,1,1,buffer,823460,36,12,5,5,13,10,70,70,Flat,Concrete Barrier,Concrete
"3,789",8,RIV,215,S,500.0000005,2014,7,1,1,0,1,continuous,816062,36,12,5,5,8,8,70,30,Rolling,Concrete Barrier,Base & Surface
"4,562",12,ORA,405,S,500.0000005,2014,7,1,2,1,1,buffer,1209179,74,14.8,10,10,10,10,70,36,Flat,Concrete Barrier,Concrete
"3,088",7,LA,605,N,500.0000006,2014,7,1,2,1,1,buffer,762640,56,11.2,2,2,10,10,70,6,Flat,Concrete Barrier,Concrete
"3,479",8,RIV,91,E,500.0000006,2014,7,1,1,0,1,continuous,807365,36,12,5,5,8,8,70,22,Flat,Metal Beam Barrier,Concrete
"3,321",8,RIV,60,W,500.0000007,2014,7,1,1,0,1,continuous,819930,24,12,5,5,8,8,70,46,Rolling,Concrete Barrier,Base & Surface
"3,980",12,ORA,5,N,500.0000007,2014,7,1,1,0,1,continuous,1208365,88,12.6,3,3,10,10,70,6,Flat,Concrete Barrier,Base & Surface
"4,509",12,ORA,405,S,500.0000011,2014,7,1,1,0,2,mix,1209453,57,11.4,3,3,10,10,70,8,Flat,Concrete Barrier,Concrete
"3,899",11,SD,805,S,499.999999,2014,8,1,2,1,1,buffer,1122335,60,12,8,8,10,10,70,42,Flat,Concrete Barrier,Concrete
"4,221",12,ORA,55,N,499.9999991,2014,8,1,2,1,1,buffer,1203146,56,11.2,2,2,8,8,70,6,Flat,Concrete Barrier,Concrete
"3,386",8,RIV,60,W,499.9999992,2014,8,1,2,1,1,buffer,823460,36,12,5,5,13,10,70,70,Flat,Concrete Barrier,Concrete
"3,932",12,ORA,5,N,499.9999992,2014,8,1,2,2,2,mix,1209965,92,15.3,4,4,10,10,70,50,Flat,Concrete Barrier,Concrete
"3,577",8,SBD,210,E,499.9999993,2014,8,1,2,1,1,buffer,809250,52,13,10,10,10,10,70,45,Flat,Concrete Barrier,Concrete
"3,656",8,SBD,210,W,499.9999994,2014,8,1,1,0,1,continuous,825892,52,13,10,10,10,10,70,45,Flat,Concrete Barrier,Concrete
"4,018",12,ORA,5,N,499.9999994,2014,8,2,2,1,2,mix,1216507,48,12,2,2,8,8,70,18,Flat,Metal Beam Barrier,Concrete
"3,367",8,RIV,60,W,499.9999995,2014,8,1,1,0,2,mix,823460,36,12,5,5,13,10,70,70,Flat,Concrete Barrier,Concrete
"3,940",12,ORA,5,N,499.9999995,2014,8,2,2,1,2,mix,1211133,100,12.5,5,5,10,10,70,10,Flat,Concrete Barrier,Concrete
"4,543",12,ORA,405,S,499.9999995,2014,8,1,2,1,1,buffer,1201685,57,11.4,13,13,10,10,70,18,Flat,Concrete Barrier,Concrete
"2,207",7,LA,91,E,499.9999996,2014,8,1,2,1,1,buffer,717385,59,11.8,3,3,10,10,70,19,Flat,Concrete Barrier,Concrete
"2,268",7,LA,91,W,499.9999996,2014,8,1,2,1,2,mix,767313,56,11.2,2,2,10,10,70,6,Flat,Concrete Barrier,Concrete
"3,180",8,SBD,10,E,499.9999996,2014,8,1,2,1,1,buffer,806510,48,12,7,7,10,10,70,16,Flat,Metal Beam Barrier,Bridge Deck
"4,422",12,ORA,91,W,499.9999996,2014,8,1,1,0,1,continuous,1213780,36,12,0,0,8,8,70,22,Flat,Concrete Barrier,Concrete
"3,259",8,RIV,60,E,499.9999997,2014,8,1,2,1,1,buffer,823434,24,12,5,2,8,8,70,46,Flat,Metal Beam Barrier,Concrete
"3,839",11,SD,5,S,499.9999997,2014,8,1,2,1,1,buffer,1120388,60,12,9,9,10,10,70,36,Rolling,Concrete Barrier,Concrete
"4,192",12,ORA,22,W,499.9999997,2014,8,1,1,0,1,continuous,1215089,36,12,5,5,8,8,70,14,Flat,Concrete Barrier,Concrete
"2,128",7,LA,60,E,499.9999998,2014,8,1,2,1,1,buffer,774949,78,11.1,2,2,8,8,70,6,Rolling,Concrete Barrier,Concrete
"3,618",8,SBD,210,E,499.9999998,2014,8,1,2,1,2,mix,819479,52,13,11,11,11,11,70,45,Flat,Concrete Barrier,Concrete
"3,660",8,SBD,210,W,499.9999998,2014,8,1,1,0,1,continuous,809187,52,13,10,10,10,10,70,45,Flat,Concrete Barrier,Concrete
"3,995",12,ORA,5,N,499.9999998,2014,8,1,1,0,2,mix,1204591,86,12.3,8,8,10,10,70,18,Flat,Concrete Barrier,Concrete
"4,000",12,ORA,5,N,499.9999998,2014,8,1,2,1,1,buffer,1205471,36,12,5,5,10,10,70,18,Flat,Metal Beam Barrier,Base & Surface
"4,112",12,ORA,5,S,499.9999998,2014,8,2,2,1,3,mix,1212230,36,12,5,5,10,10,70,18,Flat,Concrete Barrier,Base & Surface
"2,331",7,LA,105,W,499.9999999,2014,8,1,2,1,1,buffer,760490,64,12.8,9,9,10,10,70,78,Flat,Concrete Barrier,Concrete
"2,651",7,LA,210,W,499.9999999,2014,8,1,2,1,1,buffer,773196,60,12,2,2,10,10,70,6,Flat,Concrete Barrier,Bridge Deck
"3,167",8,SBD,10,E,499.9999999,2014,8,1,2,1,2,mix,806773,48,12,8,8,10,10,70,99,Flat,Guardrail,Concrete
"3,549",8,RIV,91,W,499.9999999,2014,8,1,2,1,1,buffer,826226,49,12.3,15,15,8,8,70,20,Flat,Concrete Barrier,Concrete
"3,765",8,SBD,215,S,499.9999999,2014,8,1,1,0,1,continuous,819769,36,12,5,2,8,8,70,22,Flat,Metal Beam Barrier,Concrete
"4,015",12,ORA,5,N,499.9999999,2014,8,1,2,1,2,mix,1205373,88,12.6,20,20,10,10,70,55,Flat,Concrete Barrier,Bridge Deck
"2,352",7,LA,105,W,500,2014,8,2,2,1,2,mix,716432,76,12.7,10,10,9,9,70,68,Flat,Concrete Barrier,Concrete
"2,753",7,LA,405,N,500,2014,8,1,2,1,1,buffer,717725,56,11.2,2,2,0,0,70,6,Flat,Concrete Barrier,Concrete
"3,123",7,LA,605,S,500,2014,8,1,2,1,2,mix,762663,56,11.2,2,2,10,10,70,6,Flat,Concrete Barrier,Concrete
"3,199",8,SBD,10,W,500,2014,8,1,2,1,1,buffer,825834,48,12,7,7,10,10,70,16,Flat,Metal Beam Barrier,Bridge Deck
"3,474",8,RIV,91,E,500,2014,8,1,2,1,2,mix,820355,36,12,10,10,8,8,70,22,Flat,Concrete Barrier,Concrete
"3,569",8,RIV,91,W,500,2014,8,1,2,1,1,buffer,820250,36,12,10,10,8,8,70,22,Flat,Concrete Barrier,Concrete
"3,769",8,SBD,215,S,500,2014,8,1,1,0,1,continuous,819767,36,12,5,2,8,8,70,22,Flat,Metal Beam Barrier,Concrete
"3,910",11,SD,805,S,500,2014,8,1,2,1,1,buffer,1125938,60,12,8,8,10,10,70,30,Flat,Concrete Barrier,Concrete
"4,154",12,ORA,22,E,500,2014,8,1,1,0,1,continuous,1214781,36,12,5,5,8,8,70,14,Flat,Concrete Barrier,Concrete
"4,237",12,ORA,55,N,500,2014,8,1,1,0,1,continuous,1203301,76,12.7,4,4,8,8,70,22,Flat,Concrete Barrier,Concrete
"3,248",8,RIV,60,E,500.0000001,2014,8,1,2,1,1,buffer,806388,36,12,5,5,10,10,70,70,Flat,Guardrail,Concrete
"3,540",8,RIV,91,W,500.0000001,2014,8,1,1,0,1,continuous,826248,36,12,5,2,8,8,70,12,Flat,Metal Beam Barrier,Concrete
"3,834",11,SD,5,S,500.0000001,2014,8,1,2,1,1,buffer,1119284,48,12,9,9,10,10,70,36,Rolling,Concrete Barrier,Concrete
"4,056",12,ORA,5,S,500.0000001,2014,8,1,2,1,1,buffer,1211852,62,12.4,8,8,10,10,70,18,Flat,Concrete Barrier,Bridge Deck
"4,214",12,ORA,22,W,500.0000001,2014,8,1,1,0,1,continuous,1215249,36,12,5,5,8,8,70,14,Flat,Concrete Barrier,Concrete
"2,418",7,LA,118,W,500.0000002,2014,8,1,2,1,1,buffer,771723,58,11.6,4,4,10,10,70,20,Flat,Concrete Barrier,Base & Surface
"3,599",8,SBD,210,E,500.0000002,2014,8,1,2,1,1,buffer,816193,52,13,11,11,11,11,70,45,Flat,Bridge barrier,Concrete
"4,121",12,ORA,5,S,500.0000002,2014,8,1,1,0,2,mix,1212249,36,12,5,5,10,10,70,18,Flat,Concrete Barrier,Base & Surface
"4,272",12,ORA,55,S,500.0000002,2014,8,1,1,0,1,continuous,1213275,44,11,2,2,9,8,70,6,Flat,Concrete Barrier,Base & Surface
"4,540",12,ORA,405,S,500.0000002,2014,8,1,2,1,3,mix,1209143,62,12.4,3,3,10,10,70,8,Flat,Concrete Barrier,Concrete
"2,073",7,LA,60,E,500.0000003,2014,8,1,2,1,2,mix,774646,48,12,8,8,8,8,70,22,Rolling,Concrete Barrier,Concrete
"2,266",7,LA,91,W,500.0000003,2014,8,1,2,1,1,buffer,717429,56,11.2,2,2,10,10,70,6,Flat,Concrete Barrier,Concrete
"3,168",8,SBD,10,E,500.0000003,2014,8,1,2,1,1,buffer,806578,48,12,7,7,10,10,70,16,Flat,Metal Beam Barrier,Concrete
"3,583",8,SBD,210,E,500.0000003,2014,8,1,2,1,1,buffer,809334,52,13,10,10,10,10,70,45,Flat,Concrete Barrier,Concrete
"3,721",8,SBD,215,N,500.0000003,2014,8,1,1,0,1,continuous,819751,36,12,5,2,8,8,70,22,Flat,Metal Beam Barrier,Concrete
"3,876",11,SD,805,N,500.0000003,2014,8,1,1,0,1,continuous,1126309,60,12,8,8,13,10,70,46,Flat,Metal Beam Barrier,Concrete
"3,222",8,SBD,60,E,500.0000004,2014,8,1,1,0,1,continuous,820088,36,12,5,5,10,10,70,70,Flat,Guardrail,Concrete
"3,589",8,SBD,210,E,500.0000004,2014,8,1,2,1,2,mix,809250,52,13,10,10,10,10,70,45,Flat,Concrete Barrier,Concrete
"2,912",7,LA,405,S,500.0000005,2014,8,1,2,1,1,buffer,771866,67,11.2,2,2,0,0,70,6,Flat,Concrete Barrier,Concrete
"3,377",8,RIV,60,W,500.0000005,2014,8,1,2,1,2,mix,820850,24,12,5,2,8,8,70,46,Flat,Metal Beam Barrier,Concrete
"3,845",11,SD,805,N,500.0000005,2014,8,1,2,1,1,buffer,1125507,48,12,8,8,10,10,70,42,Flat,Concrete Barrier,Concrete
"4,135",12,ORA,5,S,500.0000005,2014,8,1,1,0,2,mix,1212690,36,12,2,2,8,8,70,12,Flat,Metal Beam Barrier,Concrete
"3,524",8,RIV,91,W,500.0000006,2014,8,1,1,0,1,continuous,826404,47,15.7,0,0,0,0,70,20,Flat,Bridge barrier,Bridge Deck
"4,263",12,ORA,55,S,500.0000006,2014,8,1,1,0,1,continuous,1209889,44,11,2,2,10,10,70,6,Flat,Concrete Barrier,Concrete
"2,167",7,LA,60,W,500.0000008,2014,8,1,2,1,1,buffer,766829,62,12.4,8,8,10,10,70,18,Flat,Concrete Barrier,Bridge Deck
"3,239",8,SBD,60,E,500.0000008,2014,8,1,1,0,1,continuous,806476,36,12,5,5,10,10,70,70,Flat,Guardrail,Concrete
"3,275",8,RIV,60,E,500.0000009,2014,8,1,2,1,2,mix,823430,28,14,0,0,0,0,70,46,Flat,Bridge barrier,Bridge Deck
"4,269",12,ORA,55,S,500.000001,2014,8,1,1,0,1,continuous,1208965,62,12.4,8,8,10,10,70,18,Flat,Concrete Barrier,Concrete
"3,797",8,RIV,215,S,499.999999,2014,9,1,1,0,1,continuous,819963,36,12,5,5,8,8,70,30,Rolling,Concrete Barrier,Base & Surface
"4,241",12,ORA,55,N,499.9999991,2014,9,1,1,0,1,continuous,1203398,44,11,2,2,2,2,70,6,Flat,Concrete Barrier,Base & Surface
"3,276",8,RIV,60,E,499.9999992,2014,9,1,2,1,2,mix,823461,36,12,5,5,13,10,70,70,Flat,Concrete Barrier,Concrete
"4,041",12,ORA,5,S,499.9999992,2014,9,1,2,1,1,buffer,1211846,76,12.7,4,4,10,10,70,22,Flat,Concrete Barrier,Concrete
"4,038",12,ORA,5,S,499.9999993,2014,9,1,2,1,1,buffer,1211087,88,12.6,10,10,10,10,70,22,Flat,Concrete Barrier,Concrete
"4,429",12,ORA,405,N,499.9999993,2014,9,1,1,0,1,continuous,1209043,60,12,10,10,10,10,70,48,Flat,No Barriers,Concrete
"2,252",7,LA,91,W,499.9999995,2014,9,1,2,1,1,buffer,717394,48,12,2,2,10,10,70,7,Flat,Concrete Barrier,Concrete
"3,791",8,RIV,215,S,499.9999995,2014,9,1,1,0,1,continuous,825859,36,12,5,5,8,8,70,30,Rolling,Concrete Barrier,Base & Surface
"1,867",7,LA,10,W,499.9999996,2014,9,1,2,1,1,buffer,768319,48,12,7,7,10,10,70,16,Flat,Metal Beam Barrier,Bridge Deck
"2,751",7,LA,405,N,499.9999996,2014,9,1,2,1,1,buffer,769255,48,12,10,10,10,10,70,22,Flat,Concrete Barrier,Concrete
"3,322",8,RIV,60,W,499.9999996,2014,9,1,1,0,1,continuous,819930,24,12,5,5,8,8,70,46,Rolling,Concrete Barrier,Base & Surface
"4,171",12,ORA,22,E,499.9999996,2014,9,1,1,0,1,continuous,1215108,45,11.3,2,2,6,6,70,8,Flat,Concrete Barrier,Concrete
"3,667",8,SBD,210,W,499.9999997,2014,9,1,1,0,1,continuous,825952,52,13,11,11,11,11,70,45,Flat,Bridge barrier,Concrete
"3,818",11,SD,5,N,499.9999997,2014,9,1,2,1,1,buffer,1108436,48,12,8,8,10,10,70,36,Rolling,Bridge barrier,Bridge Deck
"4,182",12,ORA,22,W,499.9999997,2014,9,1,1,0,1,continuous,1214937,36,12,5,5,8,8,70,14,Flat,Concrete Barrier,Concrete
"4,210",12,ORA,22,W,499.9999997,2014,9,1,1,0,1,continuous,1214742,48,12,2,2,8,8,70,8,Flat,Concrete Barrier,Concrete
"4,537",12,ORA,405,S,499.9999997,2014,9,1,1,0,2,mix,1201651,62,12.4,3,3,10,10,70,8,Flat,Concrete Barrier,Concrete
"2,913",7,LA,405,S,499.9999998,2014,9,1,2,1,1,buffer,764556,56,11.2,2,2,0,0,70,6,Flat,Concrete Barrier,Concrete
"3,709",8,RIV,215,N,499.9999998,2014,9,1,1,0,1,continuous,820671,36,12,5,5,8,8,70,30,Rolling,Concrete Barrier,Base & Surface
"4,319",12,ORA,57,S,499.9999998,2014,9,1,2,1,1,buffer,1209035,36,12,5,5,10,10,60,99,Flat,No Barriers,Concrete
"1,837",7,LA,5,S,499.9999999,2014,9,1,1,0,1,continuous,775425,72,12,10,10,10,10,70,22,Flat,Concrete Barrier,Concrete
"2,503",7,LA,134,W,499.9999999,2014,9,1,2,1,1,buffer,761022,36,12,8,8,10,10,70,22,Flat,No Barriers,Bridge Deck
"3,185",8,SBD,10,W,499.9999999,2014,9,1,2,1,1,buffer,806068,48,12,7,7,10,10,70,16,Flat,Metal Beam Barrier,Bridge Deck
"3,476",8,RIV,91,E,499.9999999,2014,9,1,2,1,1,buffer,801503,36,12,10,10,8,8,70,22,Flat,Concrete Barrier,Concrete
"4,158",12,ORA,22,E,499.9999999,2014,9,1,1,0,1,continuous,1214763,36,12,5,5,8,8,70,14,Flat,Concrete Barrier,Concrete
"4,176",12,ORA,22,E,499.9999999,2014,9,1,1,0,1,continuous,1215063,36,12,5,5,8,8,70,14,Flat,Concrete Barrier,Concrete
"3,596",8,SBD,210,E,500,2014,9,1,2,1,1,buffer,819539,52,13,10,10,10,10,70,45,Flat,Concrete Barrier,Concrete
"3,908",11,SD,805,S,500,2014,9,1,2,1,2,mix,1125463,48,12,8,8,10,10,70,30,Flat,Concrete Barrier,Concrete
"4,060",12,ORA,5,S,500,2014,9,1,2,1,1,buffer,1211182,62,12.4,8,8,10,10,70,18,Flat,Concrete Barrier,Concrete
"4,096",12,ORA,5,S,500,2014,9,1,2,1,2,mix,1209694,76,12.7,1,1,10,10,70,10,Flat,Concrete Barrier,Base & Surface
"2,990",7,LA,405,S,500.0000001,2014,9,1,2,1,1,buffer,775214,60,12,8,8,10,10,70,14,Mountainous,Concrete Barrier,Concrete
"4,109",12,ORA,5,S,500.0000001,2014,9,1,2,1,2,mix,1211851,62,12.4,8,8,10,10,70,18,Flat,Concrete Barrier,Bridge Deck
"4,219",12,ORA,55,N,500.0000001,2014,9,1,1,0,5,mix,1203108,56,11.2,2,2,10,10,70,6,Flat,Concrete Barrier,Concrete
"4,382",12,ORA,91,E,500.0000001,2014,9,1,1,0,1,continuous,1203838,36,12,0,0,10,10,70,22,Flat,Cable Barriers,Concrete
"1,792",7,LA,5,N,500.0000002,2014,9,1,2,1,1,buffer,775391,55,11,10,10,13,10,70,15,Flat,Concrete Barrier,Concrete
"3,193",8,SBD,10,W,500.0000002,2014,9,1,2,1,1,buffer,825944,48,12,7,7,10,10,70,16,Flat,Metal Beam Barrier,Concrete
"3,226",8,SBD,60,E,500.0000002,2014,9,1,1,0,1,continuous,820092,36,12,5,5,10,10,70,70,Flat,Guardrail,Concrete
"3,250",8,RIV,60,E,500.0000002,2014,9,1,2,1,1,buffer,823434,24,12,5,2,8,8,70,46,Flat,Metal Beam Barrier,Concrete
"3,761",8,SBD,215,S,500.0000002,2014,9,1,1,0,1,continuous,825693,36,12,8,8,11,8,70,22,Flat,Concrete Barrier,Base & Surface
"2,895",7,LA,405,S,500.0000003,2014,9,1,2,1,1,buffer,764657,67,11.2,15,15,10,10,70,20,Flat,Concrete Barrier,Concrete
"3,738",8,SBD,215,N,500.0000003,2014,9,1,1,0,1,continuous,825706,36,12,8,8,11,8,70,22,Flat,Concrete Barrier,Base & Surface
"3,795",8,RIV,215,S,500.0000003,2014,9,1,1,0,1,continuous,816010,36,12,10,10,8,8,70,20,Flat,Concrete Barrier,Bridge Deck
"2,225",7,LA,91,E,500.0000004,2014,9,1,2,1,1,buffer,766210,67,11.2,2,2,9,9,70,6,Flat,Concrete Barrier,Concrete
"2,894",7,LA,405,S,500.0000005,2014,9,1,2,1,1,buffer,766494,67,11.2,2,2,10,10,70,20,Flat,Concrete Barrier,Concrete
"3,277",8,RIV,60,E,500.0000005,2014,9,1,2,1,1,buffer,823461,36,12,5,5,13,10,70,70,Flat,Concrete Barrier,Concrete
"3,360",8,RIV,60,W,500.0000005,2014,9,1,2,1,1,buffer,823457,36,12,5,5,10,10,70,70,Flat,No Barriers,Concrete
"3,527",8,RIV,91,W,500.0000005,2014,9,1,2,1,1,buffer,820363,36,12,10,10,8,8,70,22,Flat,Concrete Barrier,Concrete
"4,367",12,ORA,91,E,500.0000005,2014,9,1,2,1,4,mix,1213984,44,11,4,4,8,8,70,14,Flat,Concrete Barrier,Concrete
"3,344",8,SBD,60,W,500.0000007,2014,9,1,1,0,1,continuous,806394,36,12,5,5,10,10,70,70,Flat,Guardrail,Concrete
"3,788",8,RIV,215,S,500.0000007,2014,9,1,1,0,2,mix,819905,36,12,5,5,8,8,70,65,Rolling,No Barriers,Base & Surface
"3,241",8,SBD,60,E,500.0000008,2014,9,1,1,0,1,continuous,809978,36,12,5,5,10,10,70,70,Flat,Guardrail,Concrete
"3,490",8,RIV,91,E,500.0000008,2014,9,1,2,1,1,buffer,824977,36,12,10,10,8,8,70,22,Flat,Concrete Barrier,Bridge Deck
"4,189",12,ORA,22,W,500.0000008,2014,9,1,1,0,1,continuous,1215097,36,12,5,5,8,8,70,14,Flat,Concrete Barrier,Concrete
"3,711",8,RIV,215,N,500.000001,2014,9,1,1,0,1,continuous,816090,36,12,5,5,8,8,70,30,Rolling,Concrete Barrier,Base & Surface
"2,508",7,LA,134,W,221.0421856,2014,10,1,1,0,1,continuous,773908,36,12,8,8,10,10,70,22,Flat,No Barriers,Concrete
"4,524",12,ORA,405,S,499.9999991,2014,10,1,1,0,2,mix,1201556,74,12.3,3,3,10,10,70,8,Flat,Concrete Barrier,Bridge Deck
"2,193",7,LA,91,E,499.9999992,2014,10,1,2,1,1,buffer,759967,57,11.4,3,3,10,10,70,7,Flat,Concrete Barrier,Concrete
"3,437",8,RIV,91,E,499.9999992,2014,10,2,2,1,1,buffer,826756,56,11.2,2,2,8,8,70,6,Rolling,Concrete Barrier,Concrete
"2,173",7,LA,60,W,499.9999994,2014,10,1,2,1,1,buffer,766641,62,12.4,8,8,10,10,70,18,Rolling,Concrete Barrier,Base & Surface
"2,655",7,LA,210,W,499.9999994,2014,10,1,1,0,2,mix,761390,60,12,2,2,10,10,70,6,Flat,Concrete Barrier,Concrete
"3,148",7,LA,605,S,499.9999994,2014,10,1,2,1,1,buffer,762641,56,11.2,2,2,10,10,70,6,Flat,Concrete Barrier,Concrete
"3,440",8,RIV,91,E,499.9999994,2014,10,2,2,1,1,buffer,826749,56,11.2,8,8,8,8,70,6,Rolling,Concrete Barrier,Concrete
"1,787",7,LA,5,N,499.9999995,2014,10,1,2,1,2,mix,775401,48,12,6,6,10,10,70,22,Flat,Concrete Barrier,Concrete
"2,276",7,LA,105,E,499.9999995,2014,10,1,2,1,2,mix,760289,52,13,10,10,10,10,70,56,Flat,Concrete Barrier,Concrete
"3,235",8,SBD,60,E,499.9999995,2014,10,1,1,0,1,continuous,820156,36,12,5,5,10,10,70,70,Flat,Guardrail,Concrete
"4,478",12,ORA,405,N,499.9999995,2014,10,1,2,1,1,buffer,1201363,74,12.3,8,8,8,8,70,18,Flat,Concrete Barrier,Concrete
"2,238",7,LA,91,W,499.9999996,2014,10,1,2,1,1,buffer,759982,57,11.4,2,2,10,10,70,7,Flat,Concrete Barrier,Concrete
"3,443",8,RIV,91,E,499.9999996,2014,10,2,2,1,1,buffer,826680,56,11.2,2,2,8,8,70,6,Rolling,Concrete Barrier,Base & Surface
"3,465",8,RIV,91,E,499.9999996,2014,10,1,1,0,1,continuous,806676,62,12.4,8,8,10,10,70,18,Flat,Concrete Barrier,Concrete
"3,986",12,ORA,5,N,499.9999996,2014,10,1,1,0,1,continuous,1210081,62,12.4,8,8,10,10,70,18,Flat,Concrete Barrier,Bridge Deck
"2,119",7,LA,60,E,499.9999997,2014,10,1,2,1,1,buffer,766619,62,12.4,8,8,10,10,70,18,Flat,Concrete Barrier,Bridge Deck
"2,262",7,LA,91,W,499.9999997,2014,10,1,2,1,2,mix,759987,56,11.2,2,2,10,10,70,6,Flat,Concrete Barrier,Bridge Deck
"2,916",7,LA,405,S,499.9999997,2014,10,1,2,1,1,buffer,718260,67,11.2,2,2,10,10,70,6,Flat,Concrete Barrier,Concrete
"3,195",8,SBD,10,W,499.9999997,2014,10,1,2,1,1,buffer,806611,48,12,8,8,10,10,70,24,Flat,Concrete Barrier,Concrete
"3,470",8,RIV,91,E,499.9999997,2014,10,1,1,0,1,continuous,807325,36,12,5,5,8,8,70,22,Flat,Metal Beam Barrier,Concrete
"3,965",12,ORA,5,N,499.9999997,2014,10,1,1,0,1,continuous,1208537,76,12.7,12,12,10,10,70,26,Flat,Concrete Barrier,Bridge Deck
"4,101",12,ORA,5,S,499.9999997,2014,10,2,2,1,3,mix,1204777,76,12.7,10,10,10,10,70,26,Flat,Concrete Barrier,Base & Surface
"4,128",12,ORA,5,S,499.9999997,2014,10,1,2,1,1,buffer,1212579,36,12,2,2,8,8,70,12,Flat,Metal Beam Barrier,Concrete
"4,418",12,ORA,91,W,499.9999997,2014,10,1,1,0,1,continuous,1218246,60,12,11,11,10,10,70,22,Flat,Concrete Barrier,Concrete
"2,265",7,LA,91,W,499.9999998,2014,10,1,2,1,1,buffer,766212,45,11.3,2,2,9,9,70,6,Flat,Concrete Barrier,Bridge Deck
"2,269",7,LA,91,W,499.9999998,2014,10,1,2,1,1,buffer,766554,56,11.2,2,2,10,10,70,6,Flat,Concrete Barrier,Concrete
"3,600",8,SBD,210,E,499.9999998,2014,10,1,2,1,1,buffer,809115,52,13,11,11,11,11,70,45,Flat,Bridge barrier,Concrete
"4,281",12,ORA,55,S,499.9999998,2014,10,1,1,0,1,continuous,1213275,44,11,2,2,9,8,70,6,Flat,Concrete Barrier,Base & Surface
"2,473",7,LA,134,E,499.9999999,2014,10,1,2,1,1,buffer,717607,56,11.2,3,3,10,10,70,8,Rolling,Concrete Barrier,Concrete
"2,871",7,LA,405,N,499.9999999,2014,10,1,1,0,2,mix,772012,56,11.2,2,2,10,10,70,6,Rolling,Concrete Barrier,Concrete
"2,898",7,LA,405,S,499.9999999,2014,10,1,2,1,1,buffer,774105,48,12,8,8,10,10,70,22,Flat,Concrete Barrier,Concrete
"3,348",8,SBD,60,W,500,2014,10,1,1,0,1,continuous,806403,36,12,5,5,10,10,70,70,Flat,Guardrail,Concrete
"3,541",8,RIV,91,W,500,2014,10,1,1,0,1,continuous,826375,36,12,5,2,8,8,70,20,Flat,Metal Beam Barrier,Concrete
"3,785",8,SBD,215,S,500,2014,10,1,1,0,1,continuous,824280,36,12,5,2,8,8,70,90,Flat,No Barriers,Concrete
"4,074",12,ORA,5,S,500,2014,10,1,2,1,1,buffer,1211801,74,12.3,8,8,10,10,70,18,Flat,Concrete Barrier,Concrete
"2,549",7,LA,210,E,500.0000001,2014,10,1,2,1,1,buffer,761093,82,11.7,2,2,10,10,70,46,Flat,Concrete Barrier,Concrete
"3,380",8,RIV,60,W,500.0000001,2014,10,1,1,0,2,mix,823442,36,12,5,5,10,10,70,70,Flat,No Barriers,Concrete
"4,088",12,ORA,5,S,500.0000001,2014,10,2,2,1,1,buffer,1210305,100,12.5,5,5,10,10,70,10,Flat,Concrete Barrier,Concrete
"4,065",12,ORA,5,S,500.0000002,2014,10,1,2,1,1,buffer,1208962,88,12.6,12,12,10,10,70,16,Flat,Concrete Barrier,Base & Surface
"2,246",7,LA,91,W,500.0000003,2014,10,1,2,1,1,buffer,759984,68,11.3,2,2,8,8,70,7,Flat,Concrete Barrier,Concrete
"2,366",7,LA,105,W,500.0000003,2014,10,1,2,1,1,buffer,760617,64,12.8,10,10,9,9,70,58,Flat,Concrete Barrier,Concrete
"3,449",8,RIV,91,E,500.0000003,2014,10,2,2,1,2,mix,826680,56,11.2,2,2,8,8,70,6,Rolling,Concrete Barrier,Base & Surface