FID,District,County,Route,Direction,distance,Year,Accidents,Lanes,Access1,Limited,AccessNum,AccessType,ID,RoadWidth,LaneWidth,InnerShoulderWidth,InnerShoulderTreatedWidth,OuterShoulderWidth,OuterShoulderTreatedWidth,DesignSpeedLimit,InnerMedianWidth,Terrain,Barrier,Surface
"3,466",8,RIV,91,E,500.0000003,2014,10,1,2,1,1,buffer,806614,36,12,10,10,8,8,70,22,Flat,Concrete Barrier,Bridge Deck
"3,515",8,RIV,91,W,500.0000003,2014,10,2,2,2,1,barrier,824895,56,11.2,2,2,8,8,70,6,Rolling,Concrete Barrier,Concrete
"4,258",12,ORA,55,S,500.0000004,2014,10,1,1,0,1,continuous,1203204,62,12.4,3,3,10,10,70,18,Flat,Concrete Barrier,Concrete
"2,476",7,LA,134,E,500.0000005,2014,10,1,2,1,1,buffer,763608,56,11.2,3,3,10,10,70,8,Rolling,Concrete Barrier,Concrete
"3,942",12,ORA,5,N,500.0000006,2014,10,1,2,1,1,buffer,1218492,52,13,10,10,10,10,70,54,Flat,Concrete Barrier,Concrete
"3,244",8,RIV,60,E,500.0000007,2014,10,1,2,1,2,mix,823443,36,12,5,5,10,10,70,70,Flat,No Barriers,Concrete
"3,595",8,SBD,210,E,500.0000008,2014,10,1,1,0,2,mix,819539,52,13,10,10,10,10,70,45,Flat,Concrete Barrier,Concrete
"4,137",12,ORA,5,S,500.0000008,2014,10,1,2,1,3,mix,1213417,48,12,2,2,10,10,70,18,Flat,Metal Beam Barrier,Concrete
"4,246",12,ORA,55,N,500.0000008,2014,10,1,1,0,1,continuous,1212937,44,11,2,2,9,8,70,6,Flat,Concrete Barrier,Concrete
"3,442",8,RIV,91,E,500.000001,2014,10,2,2,1,1,buffer,826762,56,11.2,2,2,8,8,70,6,Rolling,Concrete Barrier,Concrete
"3,941",12,ORA,5,N,500.000001,2014,10,1,2,1,1,buffer,1204729,64,12.8,13,13,10,10,70,26,Flat,Concrete Barrier,Base & Surface
"3,028",7,LA,405,S,444.6637743,2014,11,1,1,0,2,mix,771998,45,11.3,2,2,0,0,70,6,Rolling,Concrete Barrier,Concrete
"3,156",7,LA,605,S,482.4678055,2014,11,1,2,1,3,mix,763687,56,11.2,2,2,10,10,70,6,Flat,Concrete Barrier,Concrete
"3,297",8,RIV,60,E,499.9999993,2014,11,1,1,0,1,continuous,810372,24,12,5,5,8,8,70,46,Rolling,Concrete Barrier,Base & Surface
"2,263",7,LA,91,W,499.9999994,2014,11,1,2,1,1,buffer,768908,60,12,2,2,10,10,70,6,Flat,Concrete Barrier,Bridge Deck
"3,886",11,SD,805,S,499.9999996,2014,11,1,1,0,2,mix,1125896,60,12,8,8,10,10,70,46,Flat,Metal Beam Barrier,Concrete
"3,776",8,SBD,215,S,499.9999997,2014,11,1,1,0,1,continuous,825697,36,12,8,8,11,8,70,22,Flat,Concrete Barrier,Base & Surface
"4,025",12,ORA,5,N,499.9999998,2014,11,1,2,1,1,buffer,1212609,36,12,2,2,10,10,70,18,Flat,Metal Beam Barrier,Concrete
"4,145",12,ORA,22,E,499.9999998,2014,11,1,1,0,2,mix,1219666,36,12,5,5,8,8,70,14,Flat,Concrete Barrier,Concrete
"2,346",7,LA,105,W,499.9999999,2014,11,1,2,1,1,buffer,760424,76,12.7,10,10,10,10,70,70,Flat,Concrete Barrier,Concrete
"2,722",7,LA,210,W,499.9999999,2014,11,1,2,1,1,buffer,769137,52,13,11,11,10,10,70,24,Flat,Cable Barriers,Concrete
"4,446",12,ORA,405,N,499.9999999,2014,11,1,2,1,1,buffer,1209290,62,12.4,3,3,10,10,70,8,Flat,Concrete Barrier,Concrete
"4,450",12,ORA,405,N,499.9999999,2014,11,1,2,1,1,buffer,1201703,62,12.4,13,13,10,10,70,18,Flat,Concrete Barrier,Concrete
"2,297",7,LA,105,E,500,2014,11,1,2,1,2,mix,760073,64,12.8,10,10,10,10,70,70,Flat,Concrete Barrier,Concrete
"3,246",8,RIV,60,E,500,2014,11,1,2,1,1,buffer,823452,36,12,5,5,10,10,70,70,Flat,No Barriers,Concrete
"3,444",8,RIV,91,E,500,2014,11,2,2,1,1,buffer,826742,74,12.3,8,8,10,10,70,18,Rolling,Concrete Barrier,Concrete
"3,555",8,RIV,91,W,500,2014,11,1,1,0,1,continuous,826412,36,12,5,2,8,8,70,12,Flat,Metal Beam Barrier,Concrete
"3,855",11,SD,805,N,500,2014,11,1,2,1,1,buffer,1125920,60,12,8,8,10,10,70,60,Flat,Concrete Barrier,Concrete
"4,483",12,ORA,405,N,500,2014,11,2,1,0,3,mix,1201157,74,14.8,11,11,10,10,70,48,Flat,Concrete Barrier,Concrete
"3,171",8,SBD,10,E,500.0000001,2014,11,1,2,1,2,mix,806525,48,12,7,7,10,10,70,16,Flat,Metal Beam Barrier,Bridge Deck
"3,287",8,RIV,60,E,500.0000001,2014,11,1,1,0,1,continuous,810369,24,12,5,5,8,8,70,46,Rolling,Concrete Barrier,Base & Surface
"3,346",8,SBD,60,W,500.0000001,2014,11,1,1,0,1,continuous,820152,36,12,5,5,10,10,70,70,Flat,Guardrail,Concrete
"4,361",12,ORA,91,E,500.0000001,2014,11,1,1,0,1,continuous,1211942,48,12,11,11,10,10,70,22,Flat,Concrete Barrier,Bridge Deck
"2,728",7,LA,405,N,500.0000002,2014,11,1,2,1,1,buffer,771876,56,11.2,2,2,10,10,70,6,Flat,Concrete Barrier,Concrete
"2,775",7,LA,405,N,500.0000002,2014,11,1,1,0,2,mix,762547,67,11.2,2,2,10,10,70,6,Flat,Concrete Barrier,Bridge Deck
"2,779",7,LA,405,N,500.0000002,2014,11,1,2,1,1,buffer,761444,56,11.2,0,0,10,10,70,6,Flat,Concrete Barrier,Bridge Deck
"3,152",7,LA,605,S,500.0000002,2014,11,1,2,1,2,mix,762641,56,11.2,2,2,10,10,70,6,Flat,Concrete Barrier,Concrete
"3,184",8,SBD,10,E,500.0000002,2014,11,1,2,1,1,buffer,806489,48,12,7,7,10,10,70,16,Flat,Metal Beam Barrier,Bridge Deck
"3,454",8,RIV,91,E,500.0000002,2014,11,2,2,1,1,buffer,826711,62,12.4,14,14,10,10,70,18,Rolling,Concrete Barrier,Concrete
"3,588",8,SBD,210,E,500.0000002,2014,11,1,2,1,1,buffer,819515,52,13,10,10,10,10,70,45,Flat,Concrete Barrier,Concrete
"3,787",8,SBD,215,S,500.0000002,2014,11,1,1,0,1,continuous,819769,36,12,5,2,8,8,70,22,Flat,Metal Beam Barrier,Concrete
"4,107",12,ORA,5,S,500.0000002,2014,11,1,1,0,2,mix,1205120,88,12.6,12,12,10,10,70,26,Flat,Concrete Barrier,Base & Surface
"2,149",7,LA,60,W,500.0000003,2014,11,1,2,1,1,buffer,775353,48,12,8,8,8,8,70,22,Rolling,Concrete Barrier,Concrete
"3,558",8,RIV,91,W,500.0000003,2014,11,1,2,1,1,buffer,807272,36,12,5,5,8,8,70,22,Flat,Metal Beam Barrier,Concrete
"3,728",8,SBD,215,N,500.0000003,2014,11,1,1,0,2,mix,819765,36,12,5,2,8,8,70,22,Flat,Metal Beam Barrier,Concrete
"3,767",8,SBD,215,S,500.0000003,2014,11,1,1,0,2,mix,819767,36,12,5,2,8,8,70,22,Flat,Metal Beam Barrier,Concrete
"4,022",12,ORA,5,N,500.0000003,2014,11,2,2,2,3,mix,1210011,92,15.3,4,4,10,10,70,10,Flat,Concrete Barrier,Concrete
"4,079",12,ORA,5,S,500.0000003,2014,11,2,2,1,2,mix,1210255,100,12.5,5,5,10,10,70,10,Flat,Concrete Barrier,Concrete
"3,003",7,LA,405,S,500.0000004,2014,11,1,2,1,2,mix,718313,48,12,8,8,10,10,70,14,Mountainous,Concrete Barrier,Bridge Deck
"3,201",8,SBD,10,W,500.0000004,2014,11,1,1,0,2,mix,825939,48,12,7,7,10,10,70,16,Flat,Metal Beam Barrier,Bridge Deck
"3,224",8,SBD,60,E,500.0000004,2014,11,1,1,0,1,continuous,819975,60,12,5,5,10,10,70,70,Flat,Guardrail,Concrete
"3,696",8,SBD,210,W,500.0000004,2014,11,1,1,0,1,continuous,819461,52,13,11,11,11,11,70,45,Flat,Bridge barrier,Concrete
"4,132",12,ORA,5,S,500.0000004,2014,11,1,2,1,1,buffer,1205353,100,12.5,25,25,10,10,70,55,Flat,Concrete Barrier,Bridge Deck
"4,186",12,ORA,22,W,500.0000004,2014,11,1,1,0,1,continuous,1214746,36,12,5,5,8,8,70,22,Flat,Concrete Barrier,Concrete
"4,037",12,ORA,5,S,500.0000006,2014,11,1,2,1,1,buffer,1211846,76,12.7,4,4,10,10,70,22,Flat,Concrete Barrier,Concrete
"4,512",12,ORA,405,S,500.0000006,2014,11,1,1,0,2,mix,1209262,74,12.3,3,3,10,10,70,8,Flat,Concrete Barrier,Concrete
"3,499",8,RIV,91,E,500.0000007,2014,11,1,1,0,1,continuous,826423,36,12,5,2,8,8,70,12,Flat,Metal Beam Barrier,Concrete
"3,851",11,SD,805,N,500.0000007,2014,11,1,2,1,2,mix,1125507,48,12,8,8,10,10,70,42,Flat,Concrete Barrier,Concrete
"3,388",8,RIV,60,W,500.0000009,2014,11,1,2,1,1,buffer,823460,36,12,5,5,13,10,70,70,Flat,Concrete Barrier,Concrete
"2,465",7,LA,134,E,229.2106473,2014,12,1,1,0,2,mix,763614,60,12,2,2,10,10,70,6,Flat,Concrete Barrier,Concrete
"3,650",8,SBD,210,W,499.9999992,2014,12,1,1,0,1,continuous,826067,52,13,10,10,10,10,70,45,Flat,Concrete Barrier,Concrete
"4,545",12,ORA,405,S,499.9999992,2014,12,1,2,1,1,buffer,1201865,62,12.4,3,3,10,10,70,8,Flat,Concrete Barrier,Concrete
"2,845",7,LA,405,N,499.9999993,2014,12,1,2,1,1,buffer,772539,36,12,8,8,10,10,70,22,Flat,Concrete Barrier,Concrete
"2,943",7,LA,405,S,499.9999993,2014,12,1,2,1,1,buffer,764663,56,11.2,2,2,10,10,70,20,Flat,Concrete Barrier,Concrete
"4,012",12,ORA,5,N,499.9999993,2014,12,1,2,1,2,mix,1212179,36,12,5,5,10,10,70,18,Flat,Metal Beam Barrier,Base & Surface
"4,456",12,ORA,405,N,499.9999993,2014,12,1,2,1,1,buffer,1209244,69,11.5,13,13,10,10,70,18,Flat,Concrete Barrier,Concrete
"3,774",8,SBD,215,S,499.9999994,2014,12,1,1,0,1,continuous,824280,36,12,5,2,8,8,70,90,Flat,No Barriers,Concrete
"3,763",8,SBD,215,S,499.9999995,2014,12,1,1,0,1,continuous,824302,36,12,5,2,8,8,70,22,Flat,Guardrail,Concrete
"3,946",12,ORA,5,N,499.9999995,2014,12,1,1,0,2,mix,1204823,88,12.6,12,12,10,10,70,26,Flat,Concrete Barrier,Base & Surface
"2,926",7,LA,405,S,499.9999996,2014,12,1,2,1,1,buffer,718260,67,11.2,2,2,10,10,70,6,Flat,Concrete Barrier,Concrete
"3,605",8,SBD,210,E,499.9999997,2014,12,1,2,1,1,buffer,813015,52,13,11,11,11,11,70,45,Flat,Bridge barrier,Concrete
"3,968",12,ORA,5,N,499.9999997,2014,12,1,2,1,4,mix,1204779,64,12.8,12,12,10,10,70,26,Flat,Concrete Barrier,Base & Surface
"3,378",8,RIV,60,W,499.9999998,2014,12,1,1,0,1,continuous,820850,24,12,5,2,8,8,70,46,Flat,Metal Beam Barrier,Concrete
"3,760",8,SBD,215,S,499.9999998,2014,12,1,1,0,1,continuous,825689,36,12,8,8,11,8,70,22,Flat,Concrete Barrier,Base & Surface
"4,459",12,ORA,405,N,499.9999998,2014,12,1,2,1,1,buffer,1209260,74,12.3,3,3,10,10,70,8,Flat,Concrete Barrier,Concrete
"4,484",12,ORA,405,N,499.9999998,2014,12,1,2,1,1,buffer,1209187,74,14.8,11,11,10,10,70,48,Flat,Concrete Barrier,Concrete
"3,655",8,SBD,210,W,499.9999999,2014,12,1,1,0,1,continuous,825892,52,13,10,10,10,10,70,45,Flat,Concrete Barrier,Concrete
"3,706",8,RIV,215,N,499.9999999,2014,12,1,1,0,1,continuous,816090,36,12,5,5,8,8,70,30,Rolling,Concrete Barrier,Base & Surface
"2,759",7,LA,405,N,500,2014,12,1,2,1,1,buffer,762533,56,11.2,2,2,10,10,70,6,Flat,Concrete Barrier,Concrete
"3,779",8,RIV,215,S,500,2014,12,1,1,0,1,continuous,825733,36,12,8,8,11,8,70,18,Flat,Concrete Barrier,Base & Surface
"3,859",11,SD,805,N,500,2014,12,1,2,1,2,mix,1125950,48,12,8,8,10,10,70,38,Flat,Concrete Barrier,Concrete
"3,977",12,ORA,5,N,500,2014,12,1,1,0,2,mix,1210087,62,12.4,8,8,10,10,70,18,Flat,Concrete Barrier,Bridge Deck
"4,067",12,ORA,5,S,500,2014,12,1,2,1,1,buffer,1210255,100,12.5,5,5,10,10,70,10,Flat,Concrete Barrier,Concrete
"4,215",12,ORA,22,W,500,2014,12,1,1,0,2,mix,1215129,36,12,6,6,8,8,70,22,Flat,Concrete Barrier,Bridge Deck
"2,558",7,LA,210,E,500.0000001,2014,12,1,2,1,1,buffer,761188,55,11,3,3,8,8,70,19,Flat,Concrete Barrier,Concrete
"3,340",8,SBD,60,W,500.0000001,2014,12,1,1,0,1,continuous,806467,36,12,5,5,10,10,70,70,Flat,Guardrail,Concrete
"2,674",7,LA,210,W,500.0000002,2014,12,1,2,1,1,buffer,772935,60,12,2,2,10,10,70,6,Flat,Concrete Barrier,Bridge Deck
"4,357",12,ORA,91,E,500.0000002,2014,12,1,1,0,1,continuous,1212723,44,11,2,2,8,8,70,14,Flat,Concrete Barrier,Concrete
"4,518",12,ORA,405,S,500.0000002,2014,12,1,1,0,2,mix,1209218,62,12.4,3,3,10,10,70,8,Flat,Concrete Barrier,Concrete
"2,171",7,LA,60,W,500.0000003,2014,12,1,2,1,1,buffer,766789,56,11.2,2,2,10,10,70,6,Rolling,Concrete Barrier,Base & Surface
"2,261",7,LA,91,W,500.0000003,2014,12,1,1,0,2,mix,759993,56,11.2,2,2,10,10,70,6,Flat,Concrete Barrier,Concrete
"3,369",8,RIV,60,W,500.0000003,2014,12,1,2,1,1,buffer,823428,28,14,0,0,0,0,70,46,Flat,Bridge barrier,Bridge Deck
"3,507",8,RIV,91,W,500.0000003,2014,12,2,2,2,1,barrier,824879,74,12.3,8,8,10,10,70,18,Rolling,Concrete Barrier,Concrete
"3,649",8,SBD,210,W,500.0000003,2014,12,1,1,0,1,continuous,809258,52,13,10,10,10,10,70,45,Flat,Concrete Barrier,Concrete
"3,853",11,SD,805,N,500.0000003,2014,12,1,2,1,1,buffer,1125936,60,12,8,8,10,10,70,30,Flat,Concrete Barrier,Concrete
"3,328",8,SBD,60,W,500.0000004,2014,12,1,1,0,1,continuous,806367,48,12,5,5,10,10,70,70,Flat,Guardrail,Concrete
"3,534",8,RIV,91,W,500.0000005,2014,12,1,2,1,1,buffer,820470,36,12,5,5,8,8,70,22,Flat,Metal Beam Barrier,Concrete
"3,657",8,SBD,210,W,500.0000005,2014,12,1,1,0,1,continuous,826067,52,13,10,10,10,10,70,45,Flat,Concrete Barrier,Concrete
"3,730",8,SBD,215,N,500.0000005,2014,12,1,1,0,1,continuous,826521,48,12,0,0,13,10,70,22,Flat,Metal Beam Barrier,Concrete
"4,437",12,ORA,405,N,500.0000005,2014,12,1,2,1,1,buffer,1209455,57,11.4,3,3,10,10,70,18,Flat,Concrete Barrier,Concrete
"4,461",12,ORA,405,N,500.0000005,2014,12,1,1,0,3,mix,1201397,84,12,8,8,10,10,70,18,Flat,Concrete Barrier,Concrete
"2,798",7,LA,405,N,500.0000007,2014,12,1,1,0,2,mix,762541,67,11.2,2,2,10,10,70,6,Flat,Concrete Barrier,Concrete
"3,343",8,SBD,60,W,500.0000007,2014,12,1,1,0,1,continuous,806470,36,12,5,5,10,10,70,70,Flat,Guardrail,Concrete
"4,069",12,ORA,5,S,500.0000007,2014,12,1,2,1,1,buffer,1205103,76,12.7,12,12,10,10,70,26,Flat,Concrete Barrier,Base & Surface
"4,276",12,ORA,55,S,500.0000007,2014,12,1,1,0,1,continuous,1203385,44,11,2,2,2,2,70,6,Flat,Concrete Barrier,Base & Surface
"4,546",12,ORA,405,S,500.0000012,2014,12,1,1,0,2,mix,1209337,62,12.4,3,3,10,10,70,8,Flat,Concrete Barrier,Concrete
"2,411",7,LA,118,W,499.9999993,2014,13,1,1,0,1,continuous,760832,58,11.6,3,3,10,10,70,8,Flat,Concrete Barrier,Base & Surface
"1,831",7,LA,5,S,499.9999994,2014,13,1,1,0,2,mix,775419,58,14.5,10,10,10,10,70,22,Flat,Concrete Barrier,Bridge Deck
"2,590",7,LA,210,E,499.9999994,2014,13,1,2,1,1,buffer,761105,60,12,12,12,10,10,70,66,Flat,Concrete Barrier,Concrete
"3,267",8,RIV,60,E,499.9999994,2014,13,1,1,0,1,continuous,820852,24,12,5,2,8,8,70,46,Flat,Metal Beam Barrier,Concrete
"2,257",7,LA,91,W,499.9999995,2014,13,1,2,1,1,buffer,759993,56,11.2,2,2,10,10,70,6,Flat,Concrete Barrier,Concrete
"2,708",7,LA,210,W,499.9999995,2014,13,1,2,1,2,mix,771621,60,12,2,2,10,10,70,6,Flat,Cable Barriers,Bridge Deck
"2,754",7,LA,405,N,499.9999995,2014,13,1,2,1,1,buffer,769259,48,12,10,10,10,10,70,22,Flat,Concrete Barrier,Concrete
"3,264",8,RIV,60,E,499.9999996,2014,13,1,1,0,5,mix,816014,36,12,10,10,8,8,70,22,Flat,Concrete Barrier,Concrete
"3,453",8,RIV,91,E,499.9999996,2014,13,1,2,1,1,buffer,826664,68,11.3,2,2,10,10,70,12,Flat,Concrete Barrier,Base & Surface
"3,497",8,RIV,91,E,499.9999996,2014,13,1,2,1,3,mix,807285,36,12,5,5,8,8,70,22,Flat,Metal Beam Barrier,Concrete
"3,640",8,SBD,210,W,499.9999997,2014,13,1,1,0,1,continuous,819546,52,13,10,10,10,10,70,45,Flat,Concrete Barrier,Concrete
"3,662",8,SBD,210,W,499.9999997,2014,13,1,1,0,1,continuous,819521,52,13,10,10,10,10,70,45,Flat,Concrete Barrier,Concrete
"3,809",11,SD,5,N,499.9999997,2014,13,1,2,1,1,buffer,1120415,48,12,8,8,10,10,70,36,Rolling,Concrete Barrier,Concrete
"3,840",11,SD,5,S,499.9999997,2014,13,1,2,1,1,buffer,1120314,48,12,8,8,10,10,70,36,Rolling,Metal Beam Barrier,Concrete
"3,462",8,RIV,91,E,499.9999998,2014,13,1,1,0,1,continuous,826247,50,16.7,0,0,0,0,70,12,Flat,Metal Beam Barrier,Bridge Deck
"4,245",12,ORA,55,N,499.9999998,2014,13,1,1,0,1,continuous,1212915,44,11,2,2,12,12,70,6,Flat,Concrete Barrier,Base & Surface
"4,462",12,ORA,405,N,499.9999998,2014,13,2,2,1,3,mix,1213655,86,12.3,13,13,10,10,70,8,Flat,Concrete Barrier,Concrete
"1,804",7,LA,5,N,499.9999999,2014,13,1,2,1,2,mix,775401,48,12,6,6,10,10,70,22,Flat,Concrete Barrier,Concrete
"2,289",7,LA,105,E,499.9999999,2014,13,1,2,1,3,mix,774615,52,13,9,9,10,10,70,78,Flat,Concrete Barrier,Concrete
"3,338",8,SBD,60,W,499.9999999,2014,13,1,1,0,1,continuous,820101,36,12,5,5,10,10,70,70,Flat,Guardrail,Concrete
"3,345",8,SBD,60,W,499.9999999,2014,13,1,1,0,1,continuous,820097,36,12,5,5,10,10,70,70,Flat,Guardrail,Concrete
"3,561",8,RIV,91,W,499.9999999,2014,13,1,2,1,1,buffer,801491,62,12.4,8,8,10,10,70,18,Flat,Concrete Barrier,Concrete
"3,882",11,SD,805,S,500,2014,13,1,1,0,1,continuous,1126306,60,12,8,8,13,10,70,46,Flat,Metal Beam Barrier,Concrete
"3,913",11,SD,805,S,500,2014,13,1,2,1,1,buffer,1125978,48,12,8,8,10,10,70,42,Flat,Concrete Barrier,Concrete
"2,192",7,LA,91,E,500.0000001,2014,13,1,2,1,1,buffer,759967,57,11.4,3,3,10,10,70,7,Flat,Concrete Barrier,Concrete
"2,727",7,LA,405,N,500.0000001,2014,13,1,2,1,1,buffer,771876,56,11.2,2,2,10,10,70,6,Flat,Concrete Barrier,Concrete
"3,850",11,SD,805,N,500.0000001,2014,13,1,2,1,2,mix,1125993,48,12,8,8,8,8,70,42,Flat,Concrete Barrier,Concrete
"2,049",7,LA,57,N,500.0000002,2014,13,1,2,1,1,buffer,774828,72,12,2,2,10,10,60,6,Flat,Concrete Barrier,Bridge Deck
"2,284",7,LA,105,E,500.0000002,2014,13,1,2,1,1,buffer,767870,76,12.7,10,10,10,10,70,58,Flat,Concrete Barrier,Concrete
"3,704",8,RIV,215,N,500.0000002,2014,13,1,2,1,3,mix,816134,36,12,5,5,8,8,70,99,Rolling,Bridge barrier,Base & Surface
"3,716",8,RIV,215,N,500.0000002,2014,13,1,1,0,1,continuous,816021,36,12,10,10,8,8,70,20,Flat,Concrete Barrier,Bridge Deck
"3,719",8,SBD,215,N,500.0000002,2014,13,1,1,0,1,continuous,825684,36,12,8,8,11,8,70,22,Flat,Concrete Barrier,Base & Surface
"3,905",11,SD,805,S,500.0000003,2014,13,1,2,1,2,mix,1125463,48,12,8,8,10,10,70,30,Flat,Concrete Barrier,Concrete
"3,922",12,ORA,5,N,500.0000003,2014,13,1,1,0,1,continuous,1210071,76,12.7,16,16,10,10,70,22,Flat,Concrete Barrier,Bridge Deck
"2,688",7,LA,210,W,500.0000004,2014,13,1,2,1,1,buffer,761384,60,12,2,2,10,10,70,6,Flat,Concrete Barrier,Concrete
"3,327",8,SBD,60,W,500.0000004,2014,13,1,1,0,1,continuous,825866,36,12,5,5,10,10,70,70,Flat,Guardrail,Concrete
"4,554",12,ORA,405,S,500.0000004,2014,13,1,2,1,3,mix,1201380,86,12.3,8,8,10,10,70,18,Flat,Concrete Barrier,Concrete
"2,619",7,LA,210,E,500.0000007,2014,13,1,2,1,1,buffer,767882,52,13,11,11,10,10,70,24,Flat,Concrete Barrier,Base & Surface
"3,504",8,RIV,91,W,500.0000009,2014,13,2,2,2,1,barrier,824891,56,11.2,2,2,8,8,70,6,Rolling,Concrete Barrier,Concrete
"2,474",7,LA,134,E,499.9999991,2014,14,1,2,1,2,mix,761009,57,11.4,2,2,10,10,70,6,Rolling,Concrete Barrier,Concrete
"2,340",7,LA,105,W,499.9999992,2014,14,1,2,1,1,buffer,760476,64,12.8,10,10,10,10,70,56,Flat,Concrete Barrier,Concrete
"2,107",7,LA,60,E,499.9999994,2014,14,1,2,1,3,mix,774167,48,12,14,14,8,8,70,9,Rolling,Concrete Barrier,Concrete
"4,144",12,ORA,5,S,499.9999994,2014,14,1,2,1,2,mix,1205353,100,12.5,25,25,10,10,70,55,Flat,Concrete Barrier,Bridge Deck
"2,864",7,LA,405,N,499.9999995,2014,14,1,1,0,1,continuous,775230,56,11.2,2,2,10,10,70,14,Mountainous,Concrete Barrier,Base & Surface
"4,004",12,ORA,5,N,499.9999996,2014,14,1,2,1,1,buffer,1212627,36,12,2,2,8,8,70,12,Flat,Metal Beam Barrier,Concrete
"2,579",7,LA,210,E,499.9999997,2014,14,1,2,1,2,mix,761109,70,11.7,2,2,10,10,70,40,Flat,Concrete Barrier,Concrete
"3,082",7,LA,605,N,499.9999997,2014,14,1,2,1,1,buffer,775691,56,11.2,2,2,0,0,70,6,Flat,Concrete Barrier,Concrete
"3,909",11,SD,805,S,499.9999997,2014,14,1,2,1,1,buffer,1125934,60,12,8,8,10,10,70,30,Flat,Concrete Barrier,Concrete
"2,126",7,LA,60,E,499.9999998,2014,14,1,2,1,2,mix,825667,36,12,5,5,10,10,70,70,Flat,Guardrail,Concrete
"2,202",7,LA,91,E,499.9999998,2014,14,1,2,1,1,buffer,759996,59,11.8,3,3,10,10,70,7,Flat,Bridge barrier,Concrete
"3,272",8,RIV,60,E,499.9999998,2014,14,1,2,1,1,buffer,823461,36,12,5,5,13,10,70,70,Flat,Concrete Barrier,Concrete
"3,826",11,SD,5,S,499.9999998,2014,14,1,2,1,1,buffer,1120388,60,12,9,9,10,10,70,36,Rolling,Concrete Barrier,Concrete
"4,138",12,ORA,5,S,499.9999998,2014,14,2,2,1,4,mix,1212249,36,12,5,5,10,10,70,18,Flat,Concrete Barrier,Base & Surface
"3,456",8,RIV,91,E,499.9999999,2014,14,1,1,0,1,continuous,826380,36,12,5,2,8,8,70,20,Flat,Metal Beam Barrier,Concrete
"4,094",12,ORA,5,S,499.9999999,2014,14,1,2,1,1,buffer,1213569,62,12.4,8,8,10,10,70,18,Flat,Concrete Barrier,Concrete
"4,248",12,ORA,55,N,499.9999999,2014,14,1,1,0,1,continuous,1203398,44,11,2,2,2,2,70,6,Flat,Concrete Barrier,Base & Surface
"4,254",12,ORA,55,S,499.9999999,2014,14,1,1,0,1,continuous,1203159,44,11,2,2,10,10,70,6,Flat,Concrete Barrier,Concrete
"4,351",12,ORA,57,S,499.9999999,2014,14,1,2,1,2,mix,1209035,36,12,5,5,10,10,60,99,Flat,No Barriers,Concrete
"2,254",7,LA,91,W,500,2014,14,1,2,1,1,buffer,759988,56,11.2,2,2,10,10,70,6,Flat,Concrete Barrier,Bridge Deck
"2,454",7,LA,134,E,500,2014,14,1,2,1,2,mix,773891,55,11,2,2,8,8,70,22,Flat,No Barriers,Bridge Deck
"2,723",12,ORA,405,N,500,2014,14,1,2,1,2,mix,771828,48,12,8,8,10,10,70,14,Flat,Concrete Barrier,Concrete
"2,932",7,LA,405,S,500,2014,14,1,2,1,2,mix,769238,48,12,10,10,10,10,70,22,Flat,Concrete Barrier,Concrete
"3,737",8,SBD,215,N,500,2014,14,1,1,0,1,continuous,825706,36,12,8,8,11,8,70,22,Flat,Concrete Barrier,Base & Surface
"4,090",12,ORA,5,S,500,2014,14,1,2,1,3,mix,1204867,76,12.7,12,12,10,10,70,26,Flat,Concrete Barrier,Bridge Deck
"4,409",12,ORA,91,W,500,2014,14,1,1,0,1,continuous,1211922,48,12,11,11,10,10,70,22,Flat,Concrete Barrier,Bridge Deck
"3,173",8,SBD,10,E,500.0000001,2014,14,1,2,1,1,buffer,806288,48,12,7,7,10,10,70,16,Flat,Metal Beam Barrier,Concrete
"3,530",8,RIV,91,W,500.0000001,2014,14,1,2,1,1,buffer,801500,36,12,22,22,10,10,70,22,Flat,Concrete Barrier,Bridge Deck
"3,952",12,ORA,5,N,500.0000001,2014,14,1,1,0,1,continuous,1210073,62,12.4,8,8,10,10,70,18,Flat,Concrete Barrier,Bridge Deck
"2,489",7,LA,134,W,500.0000002,2014,14,1,1,0,2,mix,761041,57,11.4,2,2,10,10,70,6,Rolling,Concrete Barrier,Bridge Deck
"4,097",12,ORA,5,S,500.0000002,2014,14,1,1,0,4,mix,1209728,76,12.7,1,1,10,10,70,12,Flat,Concrete Barrier,Base & Surface
"4,204",12,ORA,22,W,500.0000002,2014,14,1,1,0,1,continuous,1214804,36,12,5,5,8,8,70,14,Flat,Concrete Barrier,Concrete
"2,440",7,LA,134,E,500.0000003,2014,14,1,2,1,1,buffer,761017,55,11,2,2,8,8,70,22,Flat,No Barriers,Bridge Deck