FID,District,County,Route,Direction,distance,Year,Accidents,Lanes,Access1,Limited,AccessNum,AccessType,ID,RoadWidth,LaneWidth,InnerShoulderWidth,InnerShoulderTreatedWidth,OuterShoulderWidth,OuterShoulderTreatedWidth,DesignSpeedLimit,InnerMedianWidth,Terrain,Barrier,Surface
"3,008",7,LA,405,S,500.0000003,2014,14,1,2,1,1,buffer,772538,36,12,8,8,10,10,70,22,Flat,Concrete Barrier,Concrete
"3,582",8,SBD,210,E,500.0000003,2014,14,1,1,0,2,mix,819553,52,13,10,10,10,10,70,45,Flat,Concrete Barrier,Concrete
"4,244",12,ORA,55,N,500.0000003,2014,14,1,1,0,1,continuous,1203426,44,11,2,2,2,2,70,6,Flat,Concrete Barrier,Base & Surface
"4,251",12,ORA,55,S,500.0000003,2014,14,2,2,1,4,mix,1203134,44,11,2,2,8,8,70,6,Flat,Concrete Barrier,Concrete
"3,708",8,RIV,215,N,500.0000004,2014,14,1,1,0,1,continuous,816004,36,12,10,10,8,8,70,20,Flat,Concrete Barrier,Bridge Deck
"4,467",12,ORA,405,N,500.0000004,2014,14,1,2,1,1,buffer,1209290,62,12.4,3,3,10,10,70,8,Flat,Concrete Barrier,Concrete
"3,870",11,SD,805,N,500.0000005,2014,14,1,1,0,1,continuous,1126589,48,12,8,8,13,10,70,46,Flat,Metal Beam Barrier,Concrete
"4,480",12,ORA,405,N,500.0000005,2014,14,1,2,1,1,buffer,1201363,74,12.3,8,8,8,8,70,18,Flat,Concrete Barrier,Concrete
"3,263",8,RIV,60,E,500.0000008,2014,14,1,1,0,1,continuous,816014,36,12,10,10,8,8,70,22,Flat,Concrete Barrier,Concrete
"2,829",7,LA,405,N,499.9999992,2014,15,1,2,1,1,buffer,775170,67,11.2,2,2,0,0,70,8,Mountainous,Concrete Barrier,Concrete
"4,127",12,ORA,5,S,499.9999992,2014,15,1,2,1,1,buffer,1212594,36,12,2,2,8,8,70,12,Flat,Metal Beam Barrier,Concrete
"3,121",7,LA,605,S,499.9999994,2014,15,1,2,1,1,buffer,717902,56,11.2,2,2,10,10,70,6,Flat,Concrete Barrier,Bridge Deck
"3,544",8,RIV,91,W,499.9999994,2014,15,1,1,0,1,continuous,826381,48,12,5,2,8,8,70,20,Flat,Metal Beam Barrier,Concrete
"4,114",12,ORA,5,S,499.9999994,2014,15,1,2,1,2,mix,1212184,36,12,5,5,10,10,70,18,Flat,Metal Beam Barrier,Concrete
"2,065",7,LA,57,S,499.9999995,2014,15,1,2,1,2,mix,774829,60,12,2,2,10,10,60,6,Flat,Concrete Barrier,Concrete
"2,724",7,LA,405,N,499.9999995,2014,15,1,2,1,2,mix,762517,56,11.2,2,2,10,10,70,6,Flat,Concrete Barrier,Bridge Deck
"3,957",12,ORA,5,N,499.9999995,2014,15,1,1,0,1,continuous,1210073,62,12.4,8,8,10,10,70,18,Flat,Concrete Barrier,Bridge Deck
"3,643",8,SBD,210,W,499.9999996,2014,15,1,1,0,1,continuous,825904,52,13,10,10,10,10,70,45,Flat,Concrete Barrier,Concrete
"3,586",8,SBD,210,E,499.9999997,2014,15,1,2,1,1,buffer,809307,52,13,10,10,10,10,70,45,Flat,Concrete Barrier,Concrete
"4,058",12,ORA,5,S,499.9999997,2014,15,1,2,1,2,mix,1205120,88,12.6,12,12,10,10,70,26,Flat,Concrete Barrier,Base & Surface
"4,231",12,ORA,55,N,499.9999997,2014,15,1,1,0,1,continuous,1203329,48,12,2,2,10,10,70,6,Flat,Concrete Barrier,Concrete
"3,179",8,SBD,10,E,499.9999998,2014,15,1,2,1,1,buffer,806579,48,12,7,7,10,10,70,16,Flat,Metal Beam Barrier,Concrete
"1,782",7,LA,5,N,499.9999999,2014,15,1,2,1,3,mix,771150,36,12,8,8,10,10,70,22,Flat,Concrete Barrier,Concrete
"4,482",12,ORA,405,N,500,2014,15,1,2,1,3,mix,1213966,74,14.8,11,11,10,10,70,48,Flat,Concrete Barrier,Concrete
"2,398",7,LA,118,E,500.0000001,2014,15,1,2,1,1,buffer,717545,71,11.8,4,4,10,10,70,8,Flat,Concrete Barrier,Concrete
"3,811",11,SD,5,N,500.0000001,2014,15,1,2,1,1,buffer,1120385,48,12,8,8,11,11,70,36,Rolling,Concrete Barrier,Concrete
"4,522",12,ORA,405,S,500.0000001,2014,15,1,2,1,1,buffer,1201803,62,12.4,3,3,0,0,70,8,Flat,Concrete Barrier,Concrete
"3,820",11,SD,5,N,500.0000002,2014,15,1,2,1,1,buffer,1120107,72,12,8,8,10,10,70,36,Rolling,Metal Beam Barrier,Concrete
"4,464",12,ORA,405,N,500.0000002,2014,15,1,2,1,1,buffer,1209307,62,12.4,3,3,0,0,70,8,Flat,Concrete Barrier,Concrete
"2,163",7,LA,60,W,500.0000003,2014,15,1,2,1,1,buffer,774183,56,11.2,5,5,8,8,70,6,Rolling,Concrete Barrier,Concrete
"3,475",8,RIV,91,E,500.0000003,2014,15,1,1,0,2,mix,801503,36,12,10,10,8,8,70,22,Flat,Concrete Barrier,Concrete
"4,020",12,ORA,5,N,500.0000003,2014,15,1,2,1,4,mix,1214007,36,12,2,2,10,10,70,18,Flat,Metal Beam Barrier,Concrete
"2,553",7,LA,210,E,500.0000004,2014,15,1,2,1,2,mix,761102,70,11.7,2,2,10,10,70,46,Flat,Concrete Barrier,Bridge Deck
"2,204",7,LA,91,E,500.0000005,2014,15,1,2,1,2,mix,763604,60,12,2,2,10,10,70,99,Flat,Bridge barrier,Concrete
"2,199",7,LA,91,E,500.0000006,2014,15,1,2,1,2,mix,763602,71,11.8,3,3,11,11,70,19,Flat,Concrete Barrier,Concrete
"4,050",12,ORA,5,S,500.0000007,2014,15,1,2,1,2,mix,1204759,76,12.7,10,10,10,10,70,68,Flat,Concrete Barrier,Base & Surface
"3,163",8,SBD,10,E,500.0000008,2014,15,1,2,1,1,buffer,806579,48,12,7,7,10,10,70,16,Flat,Metal Beam Barrier,Concrete
"3,842",11,SD,805,N,500.0000008,2014,15,1,2,1,1,buffer,1125931,48,12,8,8,10,10,70,30,Flat,Concrete Barrier,Concrete
"4,087",12,ORA,5,S,500.0000008,2014,15,1,2,1,1,buffer,1204965,76,12.7,12,12,10,10,70,26,Flat,Concrete Barrier,Base & Surface
"2,795",7,LA,405,N,499.9999993,2014,16,1,2,1,1,buffer,764659,67,11.2,2,2,10,10,70,20,Flat,Concrete Barrier,Concrete
"3,467",8,RIV,91,E,499.9999993,2014,16,1,2,1,1,buffer,824977,36,12,10,10,8,8,70,22,Flat,Concrete Barrier,Bridge Deck
"1,820",7,LA,5,S,499.9999994,2014,16,1,2,1,1,buffer,771147,69,17.3,0,0,0,0,70,6,Flat,Concrete Barrier,Bridge Deck
"3,948",12,ORA,5,N,499.9999994,2014,16,1,1,0,1,continuous,1208537,76,12.7,12,12,10,10,70,26,Flat,Concrete Barrier,Bridge Deck
"3,130",7,LA,605,S,499.9999997,2014,16,1,1,0,2,mix,766534,48,12,8,8,10,10,70,36,Flat,Concrete Barrier,Concrete
"3,232",8,SBD,60,E,499.9999998,2014,16,1,1,0,1,continuous,809969,36,12,5,5,10,10,70,70,Flat,Guardrail,Concrete
"3,260",8,RIV,60,E,499.9999998,2014,16,1,2,1,1,buffer,823430,28,14,0,0,0,0,70,46,Flat,Bridge barrier,Bridge Deck
"3,858",11,SD,805,N,499.9999998,2014,16,1,2,1,2,mix,1125993,48,12,8,8,8,8,70,42,Flat,Concrete Barrier,Concrete
"4,100",12,ORA,5,S,499.9999998,2014,16,1,1,0,3,mix,1204759,76,12.7,10,10,10,10,70,68,Flat,Concrete Barrier,Base & Surface
"2,342",7,LA,105,W,499.9999999,2014,16,1,1,0,2,mix,760432,64,12.8,10,10,10,10,70,56,Flat,Concrete Barrier,Concrete
"4,173",12,ORA,22,E,499.9999999,2014,16,1,1,0,1,continuous,1215078,36,12,5,5,8,8,70,14,Flat,Concrete Barrier,Concrete
"3,498",8,RIV,91,E,500,2014,16,1,2,1,2,mix,801503,36,12,10,10,8,8,70,22,Flat,Concrete Barrier,Concrete
"3,554",8,RIV,91,W,500,2014,16,1,1,0,2,mix,806266,36,12,5,5,8,8,70,22,Flat,Metal Beam Barrier,Concrete
"4,485",12,ORA,405,N,500,2014,16,1,2,1,1,buffer,1201183,74,14.8,11,11,10,10,70,48,Flat,Concrete Barrier,Concrete
"3,552",8,RIV,91,W,500.0000001,2014,16,1,2,1,1,buffer,820369,36,12,10,10,8,8,70,22,Flat,Concrete Barrier,Concrete
"3,991",12,ORA,5,N,500.0000001,2014,16,1,1,0,1,continuous,1208975,88,12.6,3,3,10,10,70,6,Flat,Concrete Barrier,Base & Surface
"4,163",12,ORA,22,E,500.0000001,2014,16,1,1,0,1,continuous,1215251,36,12,5,5,8,8,70,14,Flat,Concrete Barrier,Concrete
"4,550",12,ORA,405,S,500.0000001,2014,16,1,2,1,1,buffer,1209046,74,14.8,23,23,10,10,70,48,Flat,Concrete Barrier,Concrete
"3,458",8,RIV,91,E,500.0000002,2014,16,1,2,1,2,mix,807286,36,12,5,5,8,8,70,22,Flat,Metal Beam Barrier,Concrete
"2,108",7,LA,60,E,500.0000003,2014,16,1,2,1,1,buffer,774476,68,11.3,2,2,10,10,70,18,Rolling,Concrete Barrier,Base & Surface
"4,053",12,ORA,5,S,500.0000003,2014,16,2,2,1,2,mix,1210326,100,12.5,5,5,10,10,70,10,Flat,Concrete Barrier,Concrete
"4,193",12,ORA,22,W,500.0000003,2014,16,1,1,0,1,continuous,1214742,48,12,2,2,8,8,70,8,Flat,Concrete Barrier,Concrete
"3,231",8,SBD,60,E,500.0000005,2014,16,1,1,0,1,continuous,820148,36,12,5,5,10,10,70,70,Flat,Guardrail,Concrete
"3,806",11,SD,5,N,500.0000005,2014,16,1,1,0,2,mix,1120694,48,12,8,8,10,10,70,36,Rolling,Concrete Barrier,Concrete
"2,502",7,LA,134,W,500.0000006,2014,16,1,2,1,1,buffer,773977,56,11.2,3,3,10,10,70,8,Rolling,Concrete Barrier,Bridge Deck
"4,257",12,ORA,55,S,500.0000006,2014,16,1,1,0,1,continuous,1203315,76,12.7,4,4,10,10,70,22,Flat,Concrete Barrier,Base & Surface
"2,194",7,LA,91,E,500.0000008,2014,16,1,2,1,1,buffer,768934,71,11.8,3,3,8,8,70,7,Flat,Concrete Barrier,Bridge Deck
"4,431",12,ORA,405,N,500.0000008,2014,16,1,2,1,2,mix,1201897,62,12.4,3,3,0,0,70,8,Flat,Concrete Barrier,Concrete
"3,526",8,RIV,91,W,499.9999994,2014,17,1,2,1,1,buffer,806266,36,12,5,5,8,8,70,22,Flat,Metal Beam Barrier,Concrete
"2,241",7,LA,91,W,499.9999995,2014,17,1,2,1,2,mix,717412,60,12,2,2,8,8,70,7,Flat,Concrete Barrier,Concrete
"2,527",7,LA,170,N,499.9999995,2014,17,1,2,1,1,buffer,765614,35,11.7,0,0,0,0,55,10,Flat,No Barriers,Base & Surface
"1,882",7,LA,10,W,499.9999996,2014,17,1,2,1,1,buffer,775031,48,12,3,3,8,8,70,8,Flat,Metal Beam Barrier,Bridge Deck
"2,954",7,LA,405,S,499.9999996,2014,17,1,2,1,1,buffer,771955,60,12,3,3,8,8,70,15,Flat,Concrete Barrier,Concrete
"3,893",11,SD,805,S,499.9999997,2014,17,1,2,1,1,buffer,1125918,60,12,8,8,10,10,70,30,Flat,Concrete Barrier,Concrete
"3,976",12,ORA,5,N,499.9999997,2014,17,1,2,1,2,mix,1210085,62,12.4,8,8,10,10,70,18,Flat,Concrete Barrier,Bridge Deck
"3,325",8,SBD,60,W,499.9999998,2014,17,1,1,0,1,continuous,820177,36,12,5,5,10,10,70,70,Flat,Guardrail,Concrete
"3,570",8,RIV,91,W,499.9999998,2014,17,1,2,1,1,buffer,820288,36,12,5,5,8,8,70,22,Flat,Metal Beam Barrier,Concrete
"3,229",8,SBD,60,E,499.9999999,2014,17,1,1,0,1,continuous,806400,36,12,5,5,10,10,70,70,Flat,Guardrail,Concrete
"3,471",8,RIV,91,E,499.9999999,2014,17,1,1,0,1,continuous,807325,36,12,5,5,8,8,70,22,Flat,Metal Beam Barrier,Concrete
"3,489",8,RIV,91,E,499.9999999,2014,17,1,1,0,1,continuous,807325,36,12,5,5,8,8,70,22,Flat,Metal Beam Barrier,Concrete
"3,628",8,SBD,210,E,500,2014,17,1,2,1,1,buffer,813016,52,13,11,11,11,11,70,45,Flat,Bridge barrier,Concrete
"3,903",11,SD,805,S,500,2014,17,1,2,1,2,mix,1125948,48,12,8,8,10,10,70,38,Flat,Concrete Barrier,Concrete
"4,113",12,ORA,5,S,500,2014,17,2,2,1,2,mix,1212225,36,12,5,5,10,10,70,18,Flat,Metal Beam Barrier,Concrete
"4,172",12,ORA,22,E,500,2014,17,1,1,0,1,continuous,1214714,60,12,2,2,6,6,70,8,Flat,Concrete Barrier,Bridge Deck
"4,541",12,ORA,405,S,500,2014,17,1,2,1,1,buffer,1214083,68,11.3,13,13,10,10,70,18,Flat,Concrete Barrier,Concrete
"4,388",12,ORA,91,E,500.0000001,2014,17,1,1,0,1,continuous,1203854,48,12,10,10,10,10,70,22,Flat,Concrete Barrier,Concrete
"4,395",12,ORA,91,W,500.0000001,2014,17,1,1,0,1,continuous,1213778,36,12,0,0,8,8,70,14,Flat,Concrete Barrier,Concrete
"3,835",11,SD,5,S,500.0000002,2014,17,1,2,1,1,buffer,1119284,48,12,9,9,10,10,70,36,Rolling,Concrete Barrier,Concrete
"2,401",7,LA,118,E,500.0000003,2014,17,1,2,1,1,buffer,717526,58,11.6,3,3,0,0,70,6,Rolling,Concrete Barrier,Concrete
"2,624",7,LA,210,E,500.0000003,2014,17,1,2,1,1,buffer,768025,64,12.8,22,22,10,10,70,46,Flat,Concrete Barrier,Base & Surface
"3,522",8,RIV,91,W,500.0000004,2014,17,2,2,2,1,barrier,826710,56,11.2,8,8,8,8,70,6,Rolling,Concrete Barrier,Concrete
"4,253",12,ORA,55,S,500.0000004,2014,17,1,2,1,3,mix,1203159,44,11,2,2,10,10,70,6,Flat,Concrete Barrier,Concrete
"4,261",12,ORA,55,S,500.0000004,2014,17,1,1,0,1,continuous,1215808,44,11,2,2,9,8,70,6,Flat,Concrete Barrier,Base & Surface
"2,209",7,LA,91,E,500.0000005,2014,17,1,2,1,1,buffer,768899,68,11.3,2,2,2,2,70,6,Flat,Concrete Barrier,Bridge Deck
"2,391",7,LA,118,E,500.0000005,2014,17,1,2,1,1,buffer,716541,71,11.8,4,4,10,10,70,8,Flat,Concrete Barrier,Concrete
"3,998",12,ORA,5,N,500.0000005,2014,17,1,2,1,2,mix,1210089,74,12.3,8,8,10,10,70,18,Flat,Concrete Barrier,Concrete
"2,249",7,LA,91,W,500.0000006,2014,17,1,2,1,1,buffer,759986,60,12,2,2,10,10,70,6,Flat,Concrete Barrier,Concrete
"3,331",8,SBD,60,W,500.0000007,2014,17,1,1,0,1,continuous,806397,36,12,5,5,10,10,70,70,Flat,Guardrail,Concrete
"3,775",8,SBD,215,S,500.0000008,2014,17,1,1,0,1,continuous,825697,36,12,8,8,11,8,70,22,Flat,Concrete Barrier,Base & Surface
"3,814",11,SD,5,N,499.9999992,2014,18,1,2,1,1,buffer,1122734,48,12,8,8,10,10,70,36,Rolling,Metal Beam Barrier,Concrete
"4,391",12,ORA,91,E,499.9999992,2014,18,1,1,0,4,mix,1203838,36,12,0,0,10,10,70,22,Flat,Cable Barriers,Concrete
"2,176",7,LA,60,W,499.9999996,2014,18,1,2,1,1,buffer,766586,62,12.4,8,8,10,10,70,18,Flat,Concrete Barrier,Bridge Deck
"2,272",7,LA,405,S,499.9999997,2014,18,1,1,0,3,mix,764588,48,12,10,10,10,10,70,22,Flat,Concrete Barrier,Concrete
"4,076",12,ORA,5,S,499.9999997,2014,18,1,1,0,2,mix,1204902,76,12.7,12,12,10,10,70,26,Flat,Concrete Barrier,Base & Surface
"2,994",7,LA,405,S,499.9999998,2014,18,1,2,1,1,buffer,772529,55,11,3,3,10,10,70,8,Flat,Concrete Barrier,Bridge Deck
"3,221",8,SBD,60,E,499.9999998,2014,18,1,1,0,1,continuous,806476,36,12,5,5,10,10,70,70,Flat,Guardrail,Concrete
"3,843",11,SD,805,N,499.9999998,2014,18,1,2,1,2,mix,1125461,48,12,8,8,10,10,70,30,Flat,Concrete Barrier,Concrete
"4,042",12,ORA,5,S,499.9999998,2014,18,1,2,1,1,buffer,1220086,62,12.4,8,8,10,10,70,18,Flat,Concrete Barrier,Concrete
"4,045",12,ORA,5,S,499.9999999,2014,18,1,2,2,1,barrier,1205266,104,14.9,4,4,10,10,70,8,Flat,Concrete Barrier,Concrete
"2,486",7,LA,134,W,500,2014,18,1,1,0,2,mix,774034,56,11.2,3,3,10,10,70,22,Rolling,Concrete Barrier,Concrete
"2,647",7,LA,210,W,500,2014,18,1,2,1,1,buffer,769723,72,12,2,2,10,10,70,6,Flat,Concrete Barrier,Concrete
"3,129",7,LA,605,S,500,2014,18,1,2,1,1,buffer,762659,48,12,10,10,10,10,70,36,Flat,Concrete Barrier,Concrete
"4,083",12,ORA,5,S,500,2014,18,1,1,0,2,mix,1211183,74,12.3,8,8,10,10,70,18,Flat,Concrete Barrier,Concrete
"3,354",8,SBD,60,W,500.0000001,2014,18,1,1,0,1,continuous,806348,48,12,5,5,10,10,70,70,Flat,Guardrail,Concrete
"4,084",12,ORA,5,S,500.0000001,2014,18,1,2,1,2,mix,1210340,86,12.3,5,5,10,10,70,10,Flat,Concrete Barrier,Concrete
"3,103",7,LA,605,S,500.0000002,2014,18,2,2,3,3,mix,762663,56,11.2,2,2,10,10,70,6,Flat,Concrete Barrier,Concrete
"3,174",8,SBD,10,E,500.0000002,2014,18,1,2,1,1,buffer,806510,48,12,7,7,10,10,70,16,Flat,Metal Beam Barrier,Bridge Deck
"4,234",12,ORA,55,N,500.0000002,2014,18,1,1,0,1,continuous,1214255,62,12.4,8,8,10,10,70,18,Flat,Concrete Barrier,Base & Surface
"4,565",12,ORA,405,S,500.0000003,2014,18,1,2,1,2,mix,1201290,74,12.3,8,8,10,10,70,18,Flat,Concrete Barrier,Concrete
"2,494",7,LA,134,W,500.0000005,2014,18,1,2,1,1,buffer,763610,56,11.2,3,3,10,10,70,8,Rolling,Concrete Barrier,Concrete
"4,407",12,ORA,91,W,500.0000005,2014,18,1,1,0,2,mix,1213425,24,12,0,0,8,8,70,22,Flat,Concrete Barrier,Concrete
"3,274",8,RIV,60,E,500.0000006,2014,18,1,1,0,1,continuous,823448,36,12,5,5,10,10,70,70,Flat,No Barriers,Concrete
"2,828",7,LA,405,N,500.0000007,2014,18,1,2,1,1,buffer,775199,56,11.2,0,0,10,10,70,14,Mountainous,Concrete Barrier,Concrete
"2,403",7,LA,118,E,500.0000008,2014,18,1,2,1,1,buffer,771708,59,11.8,4,4,10,10,70,20,Flat,Concrete Barrier,Base & Surface
"4,403",12,ORA,91,W,500.0000009,2014,18,1,1,0,1,continuous,1213900,61,12.2,4,4,10,10,70,10,Flat,Concrete Barrier,Concrete
"3,927",12,ORA,5,N,499.999999,2014,19,1,1,0,1,continuous,1210061,62,12.4,8,8,10,10,70,20,Flat,Concrete Barrier,Bridge Deck
"2,957",7,LA,405,S,499.9999994,2014,19,1,2,1,1,buffer,762586,56,11.2,2,2,10,10,70,6,Flat,Concrete Barrier,Concrete
"3,366",8,RIV,60,W,499.9999995,2014,19,1,2,1,1,buffer,823428,28,14,0,0,0,0,70,46,Flat,Bridge barrier,Bridge Deck
"2,906",7,LA,405,S,499.9999997,2014,19,1,1,0,2,mix,774108,48,12,10,10,10,10,70,22,Flat,Concrete Barrier,Concrete
"3,483",8,RIV,91,E,499.9999997,2014,19,1,2,1,2,mix,817545,62,12.4,8,8,10,10,70,18,Flat,Concrete Barrier,Concrete
"3,565",8,RIV,91,W,499.9999997,2014,19,1,2,1,1,buffer,807270,36,12,10,10,8,8,70,22,Flat,Concrete Barrier,Concrete
"3,487",8,RIV,91,E,499.9999998,2014,19,1,1,0,1,continuous,817547,62,12.4,8,8,10,10,70,18,Flat,Concrete Barrier,Concrete
"3,718",8,RIV,215,N,499.9999998,2014,19,1,1,0,2,mix,825694,36,12,8,8,11,8,70,22,Flat,Concrete Barrier,Base & Surface
"3,911",11,SD,805,S,499.9999998,2014,19,1,2,1,1,buffer,1125991,60,12,8,8,10,10,70,42,Flat,Concrete Barrier,Concrete
"2,216",7,LA,91,E,499.9999999,2014,19,1,2,1,1,buffer,759978,56,11.2,2,2,10,10,70,6,Flat,Concrete Barrier,Bridge Deck
"3,782",8,RIV,215,S,499.9999999,2014,19,1,1,0,2,mix,825693,36,12,8,8,11,8,70,22,Flat,Concrete Barrier,Base & Surface
"4,129",12,ORA,5,S,499.9999999,2014,19,1,2,2,3,mix,1210000,80,16,4,4,10,10,70,40,Flat,Concrete Barrier,Concrete
"4,496",12,ORA,405,N,499.9999999,2014,19,2,2,1,3,mix,1219519,68,11.3,3,3,10,10,70,8,Flat,Concrete Barrier,Concrete
"2,846",7,LA,405,N,500,2014,19,1,2,1,2,mix,775217,55,11,4,4,10,10,70,16,Mountainous,Concrete Barrier,Base & Surface
"3,969",12,ORA,5,N,500,2014,19,1,1,0,1,continuous,1210078,62,12.4,8,8,10,10,70,18,Flat,Concrete Barrier,Concrete
"4,110",12,ORA,5,S,500,2014,19,1,2,1,1,buffer,1211818,64,12.8,10,10,10,10,70,14,Flat,Concrete Barrier,Concrete
"4,133",12,ORA,5,S,500,2014,19,1,2,1,2,mix,1212236,36,12,5,5,10,10,70,18,Flat,Concrete Barrier,Base & Surface
"2,826",7,LA,405,N,500.0000001,2014,19,1,2,1,1,buffer,765195,48,12,10,10,10,10,70,13,Mountainous,Concrete Barrier,Concrete
"2,973",7,LA,405,S,500.0000001,2014,19,1,2,1,1,buffer,765169,56,11.2,1,1,10,10,70,13,Flat,Concrete Barrier,Concrete
"3,506",8,RIV,91,W,500.0000001,2014,19,2,2,2,1,barrier,826720,61,12.2,9,9,10,10,70,20,Rolling,Concrete Barrier,Concrete
"3,647",8,SBD,210,W,500.0000001,2014,19,1,1,0,1,continuous,826088,52,13,10,10,10,10,70,45,Flat,Concrete Barrier,Concrete
"3,934",12,ORA,5,N,500.0000002,2014,19,1,1,0,4,mix,1209011,64,12.8,1,1,10,10,70,14,Flat,Concrete Barrier,Base & Surface
"4,383",12,ORA,91,E,500.0000002,2014,19,1,1,0,1,continuous,1212727,36,12,0,0,8,8,70,22,Flat,Concrete Barrier,Concrete
"2,392",7,LA,118,E,500.0000003,2014,19,1,2,1,2,mix,766171,83,11.9,4,4,10,10,70,8,Flat,Concrete Barrier,Concrete
"3,266",8,RIV,60,E,500.0000003,2014,19,1,2,1,1,buffer,823439,36,12,5,5,10,10,70,54,Flat,Concrete Barrier,Concrete
"2,175",7,LA,60,W,500.0000004,2014,19,1,2,1,1,buffer,766621,62,12.4,8,8,10,10,70,18,Flat,Concrete Barrier,Bridge Deck
"3,879",11,SD,805,S,500.0000004,2014,19,1,1,0,1,continuous,1126306,60,12,8,8,13,10,70,46,Flat,Metal Beam Barrier,Concrete
"2,750",7,LA,405,N,500.0000005,2014,19,1,2,1,1,buffer,762561,45,11.3,2,2,10,10,70,6,Flat,Concrete Barrier,Concrete
"4,181",12,ORA,22,W,500.0000005,2014,19,1,1,0,1,continuous,1214816,36,12,5,5,8,8,70,14,Flat,Concrete Barrier,Concrete
"4,523",12,ORA,405,S,500.0000005,2014,19,1,2,1,2,mix,1201523,86,12.3,3,3,10,10,70,8,Flat,Concrete Barrier,Concrete
"1,813",7,LA,5,S,500.0000006,2014,19,1,2,1,2,mix,775461,72,12,10,10,10,10,70,15,Flat,Concrete Barrier,Concrete
"4,445",12,ORA,405,N,500.0000006,2014,19,1,2,1,3,mix,1201749,62,12.4,3,3,10,10,70,8,Flat,Concrete Barrier,Concrete
"4,452",12,ORA,405,N,500.0000006,2014,19,1,1,0,2,mix,1201539,74,12.3,3,3,10,10,70,8,Flat,Concrete Barrier,Concrete
"3,964",12,ORA,5,N,499.999999,2014,20,1,2,1,2,mix,1204980,76,12.7,12,12,10,10,70,26,Flat,Concrete Barrier,Base & Surface
"3,519",8,RIV,91,W,499.9999991,2014,20,2,2,2,1,barrier,826691,56,11.2,2,2,8,8,70,6,Rolling,Concrete Barrier,Concrete
"4,103",12,ORA,5,S,499.9999992,2014,20,1,2,1,1,buffer,1210368,74,12.3,8,8,10,10,70,18,Flat,Concrete Barrier,Concrete
"3,547",8,RIV,91,W,499.9999994,2014,20,1,2,1,1,buffer,801491,62,12.4,8,8,10,10,70,18,Flat,Concrete Barrier,Concrete
"4,039",12,ORA,5,S,499.9999994,2014,20,1,2,1,1,buffer,1220086,62,12.4,8,8,10,10,70,18,Flat,Concrete Barrier,Concrete
"4,392",12,ORA,91,W,499.9999995,2014,20,1,1,0,1,continuous,1211860,48,12,11,11,10,10,70,22,Flat,Concrete Barrier,Bridge Deck
"3,218",8,SBD,60,E,499.9999996,2014,20,1,1,0,1,continuous,809953,36,12,5,5,10,10,70,70,Flat,Guardrail,Concrete
"4,185",12,ORA,22,W,499.9999996,2014,20,1,1,0,1,continuous,1215129,36,12,6,6,8,8,70,22,Flat,Concrete Barrier,Bridge Deck
"2,616",7,LA,210,E,499.9999997,2014,20,1,2,1,1,buffer,718448,60,12,2,2,10,10,70,6,Flat,Cable Barriers,Bridge Deck
"3,796",8,RIV,215,S,499.9999997,2014,20,1,1,0,1,continuous,816010,36,12,10,10,8,8,70,20,Flat,Concrete Barrier,Bridge Deck
"2,639",7,LA,210,W,499.9999998,2014,20,1,2,1,1,buffer,761322,82,11.7,2,2,10,10,70,46,Flat,Concrete Barrier,Concrete
"3,772",8,SBD,215,S,499.9999998,2014,20,1,1,0,1,continuous,825702,36,12,8,8,11,8,70,22,Flat,Concrete Barrier,Base & Surface
"3,884",11,SD,805,S,499.9999998,2014,20,1,1,0,1,continuous,1126726,48,12,8,8,13,10,70,46,Flat,Metal Beam Barrier,Concrete
"3,892",11,SD,805,S,499.9999998,2014,20,1,2,1,1,buffer,1125918,60,12,8,8,10,10,70,30,Flat,Concrete Barrier,Concrete
"2,121",7,LA,60,E,499.9999999,2014,20,1,2,1,1,buffer,766584,62,12.4,8,8,10,10,70,18,Flat,Concrete Barrier,Bridge Deck
"3,505",8,RIV,91,W,499.9999999,2014,20,2,2,2,1,barrier,826728,61,12.2,9,9,10,10,70,20,Rolling,Concrete Barrier,Concrete
"2,506",7,LA,134,W,500,2014,20,1,1,0,2,mix,761025,36,12,8,8,10,10,70,22,Flat,No Barriers,Bridge Deck
"3,486",8,RIV,91,E,500,2014,20,1,1,0,1,continuous,823030,50,12.5,8,8,8,8,70,18,Flat,Concrete Barrier,Bridge Deck
"3,551",8,RIV,91,W,500,2014,20,1,1,0,2,mix,806616,36,12,10,10,8,8,70,22,Flat,Concrete Barrier,Concrete
"4,183",12,ORA,22,W,500,2014,20,1,1,0,1,continuous,1215016,36,12,5,5,8,8,70,14,Flat,Concrete Barrier,Concrete
"2,242",7,LA,91,W,500.0000002,2014,20,1,2,1,1,buffer,768937,60,12,2,2,10,10,70,7,Flat,Concrete Barrier,Concrete