FID,District,County,Route,Direction,distance,Year,Accidents,Lanes,Access1,Limited,AccessNum,AccessType,ID,RoadWidth,LaneWidth,InnerShoulderWidth,InnerShoulderTreatedWidth,OuterShoulderWidth,OuterShoulderTreatedWidth,DesignSpeedLimit,InnerMedianWidth,Terrain,Barrier,Surface
"2,556",7,LA,210,E,500.0000002,2014,20,1,2,1,1,buffer,768945,60,12,2,2,10,10,70,6,Flat,Concrete Barrier,Concrete
"3,134",7,LA,605,S,500.0000002,2014,20,1,2,1,1,buffer,762665,56,11.2,2,2,10,10,70,6,Flat,Concrete Barrier,Concrete
"4,415",12,ORA,91,W,500.0000002,2014,20,1,1,0,1,continuous,1211943,48,12,11,11,10,10,70,22,Flat,Concrete Barrier,Bridge Deck
"1,773",7,LA,5,N,500.0000003,2014,20,1,2,1,2,mix,775463,67,11.2,3,3,10,10,70,15,Flat,Concrete Barrier,Concrete
"4,534",12,ORA,405,S,500.0000003,2014,20,1,2,1,2,mix,1201717,57,11.4,3,3,10,10,70,8,Flat,Concrete Barrier,Concrete
"3,292",8,RIV,60,E,500.0000004,2014,20,1,1,0,1,continuous,810370,24,12,5,5,8,8,70,46,Rolling,Concrete Barrier,Base & Surface
"3,135",7,LA,605,S,500.0000008,2014,20,1,2,1,3,mix,763679,48,12,10,10,10,10,70,36,Flat,Concrete Barrier,Concrete
"4,529",12,ORA,405,S,499.9999991,2014,21,1,1,0,3,mix,1201380,86,12.3,8,8,10,10,70,18,Flat,Concrete Barrier,Concrete
"3,503",8,RIV,91,W,499.9999993,2014,21,2,2,2,1,barrier,826699,56,11.2,2,2,8,8,70,6,Rolling,Concrete Barrier,Concrete
"4,448",12,ORA,405,N,499.9999994,2014,21,1,2,1,1,buffer,1201604,69,11.5,3,3,10,10,70,8,Flat,Concrete Barrier,Concrete
"1,776",7,LA,5,N,499.9999995,2014,21,1,2,1,2,mix,775463,67,11.2,3,3,10,10,70,15,Flat,Concrete Barrier,Concrete
"2,694",7,LA,210,W,499.9999996,2014,21,1,2,1,1,buffer,772920,60,12,2,2,10,10,70,6,Flat,Concrete Barrier,Concrete
"3,336",8,SBD,60,W,499.9999997,2014,21,1,1,0,1,continuous,825873,48,12,5,5,10,10,70,70,Flat,Guardrail,Concrete
"4,033",12,ORA,5,S,499.9999997,2014,21,1,2,1,1,buffer,1211935,62,12.4,8,8,10,10,70,18,Flat,Concrete Barrier,Concrete
"2,534",7,LA,170,S,499.9999998,2014,21,1,2,1,1,buffer,761081,45,11.3,2,2,0,0,70,4,Flat,Concrete Barrier,Concrete
"3,282",8,RIV,60,E,499.9999999,2014,21,1,1,0,1,continuous,810370,24,12,5,5,8,8,70,46,Rolling,Concrete Barrier,Base & Surface
"3,821",11,SD,5,N,499.9999999,2014,21,1,2,1,1,buffer,1120107,72,12,8,8,10,10,70,36,Rolling,Metal Beam Barrier,Concrete
"4,559",12,ORA,405,S,499.9999999,2014,21,1,2,1,1,buffer,1201238,62,12.4,10,10,10,10,70,18,Flat,Concrete Barrier,Concrete
"3,356",8,RIV,60,W,500,2014,21,1,1,0,1,continuous,823447,36,12,5,5,10,10,70,70,Flat,No Barriers,Concrete
"3,450",8,RIV,91,E,500,2014,21,3,2,1,2,mix,826734,61,12.2,9,9,10,10,70,20,Rolling,Concrete Barrier,Concrete
"2,582",7,LA,210,E,500.0000001,2014,21,1,2,1,1,buffer,773195,60,12,2,2,10,10,70,6,Flat,Concrete Barrier,Bridge Deck
"2,637",7,LA,210,W,500.0000001,2014,21,1,2,1,1,buffer,764135,94,11.8,2,2,10,10,70,46,Flat,Concrete Barrier,Concrete
"2,461",7,LA,134,E,500.0000002,2014,21,1,2,1,1,buffer,761014,68,11.3,2,2,8,8,70,6,Rolling,Concrete Barrier,Concrete
"2,958",7,LA,405,S,500.0000002,2014,21,1,1,0,1,continuous,772519,55,11,3,3,10,10,70,8,Flat,Concrete Barrier,Bridge Deck
"4,029",12,ORA,5,N,500.0000003,2014,21,1,2,1,1,buffer,1212142,88,12.6,25,25,10,10,70,55,Flat,Concrete Barrier,Concrete
"4,475",12,ORA,405,N,500.0000003,2014,21,1,1,0,1,continuous,1209090,67,13.4,11,11,10,10,70,36,Flat,Concrete Barrier,Concrete
"3,573",8,SBD,210,E,500.0000004,2014,21,1,2,1,1,buffer,809201,52,13,10,10,10,10,70,45,Flat,Concrete Barrier,Concrete
"4,180",12,ORA,22,E,500.0000004,2014,21,1,1,0,1,continuous,1214803,36,12,5,5,8,8,70,14,Flat,Concrete Barrier,Concrete
"4,318",12,ORA,57,S,500.0000005,2014,21,1,2,1,1,buffer,1211908,39,19.5,0,0,0,0,60,99,Flat,No Barriers,Bridge Deck
"2,190",7,LA,91,E,500.0000007,2014,21,1,2,1,1,buffer,763473,47,11.8,3,3,10,10,70,7,Flat,Concrete Barrier,Concrete
"3,931",12,ORA,5,N,500.0000008,2014,21,1,2,2,1,barrier,1209951,92,15.3,4,4,10,10,70,50,Flat,Concrete Barrier,Concrete
"3,258",8,RIV,60,E,499.9999991,2014,22,1,2,1,1,buffer,823430,28,14,0,0,0,0,70,46,Flat,Bridge barrier,Bridge Deck
"2,063",7,LA,57,S,499.9999992,2014,22,1,2,1,1,buffer,763595,60,12,2,2,10,10,60,6,Flat,Concrete Barrier,Bridge Deck
"3,240",8,SBD,60,E,499.9999992,2014,22,1,1,0,1,continuous,820092,36,12,5,5,10,10,70,70,Flat,Guardrail,Concrete
"3,979",12,ORA,5,N,499.9999992,2014,22,2,2,1,1,buffer,1210115,112,12.4,5,5,10,10,70,10,Flat,Concrete Barrier,Concrete
"3,188",8,SBD,10,W,499.9999993,2014,22,1,2,1,1,buffer,806585,48,12,7,7,10,10,70,16,Flat,Metal Beam Barrier,Concrete
"3,448",8,RIV,91,E,499.9999994,2014,22,2,2,1,1,buffer,824878,62,12.4,8,8,10,10,70,18,Rolling,Concrete Barrier,Concrete
"2,354",7,LA,105,W,499.9999995,2014,22,1,2,1,2,mix,760380,64,12.8,10,10,10,10,70,52,Flat,Concrete Barrier,Concrete
"3,895",11,SD,805,S,499.9999996,2014,22,1,2,1,1,buffer,1125989,48,12,8,8,10,10,70,42,Flat,Concrete Barrier,Concrete
"3,219",8,SBD,60,E,499.9999997,2014,22,1,1,0,1,continuous,820631,36,12,5,5,10,10,70,70,Flat,Guardrail,Concrete
"2,742",7,LA,405,N,499.9999998,2014,22,1,2,1,1,buffer,762545,56,11.2,2,2,10,10,70,6,Flat,Concrete Barrier,Bridge Deck
"3,937",12,ORA,5,N,499.9999998,2014,22,1,2,1,2,mix,1211856,52,13,10,10,10,10,70,26,Flat,Concrete Barrier,Concrete
"4,535",12,ORA,405,S,499.9999998,2014,22,1,2,1,1,buffer,1201618,74,12.3,3,3,10,10,70,8,Flat,Concrete Barrier,Concrete
"1,794",7,LA,5,N,499.9999999,2014,22,1,2,1,2,mix,771143,36,12,8,8,10,10,70,22,Flat,Concrete Barrier,Concrete
"4,046",12,ORA,5,S,499.9999999,2014,22,1,2,2,1,barrier,1209950,92,15.3,4,4,10,10,70,12,Flat,Concrete Barrier,Concrete
"4,510",12,ORA,405,S,499.9999999,2014,22,1,2,1,1,buffer,1201865,62,12.4,3,3,10,10,70,8,Flat,Concrete Barrier,Concrete
"1,800",7,LA,5,N,500.0000001,2014,22,1,2,1,1,buffer,775477,84,12,10,10,10,10,70,22,Flat,Concrete Barrier,Concrete
"4,166",12,ORA,22,E,500.0000001,2014,22,1,1,0,1,continuous,1214752,36,12,5,5,8,8,70,22,Flat,Concrete Barrier,Concrete
"3,333",8,SBD,60,W,500.0000002,2014,22,1,1,0,1,continuous,806425,36,12,5,5,10,10,70,70,Flat,Guardrail,Concrete
"3,992",12,ORA,5,N,500.0000006,2014,22,1,1,0,2,mix,1205069,88,12.6,12,12,10,10,70,26,Flat,Concrete Barrier,Base & Surface
"2,933",7,LA,405,S,500.000001,2014,22,1,2,1,1,buffer,771955,60,12,3,3,8,8,70,15,Flat,Concrete Barrier,Concrete
"3,930",12,ORA,5,N,499.9999994,2014,23,1,2,1,2,mix,1209931,104,14.9,4,4,10,10,70,8,Flat,Concrete Barrier,Concrete
"3,197",8,SBD,10,W,499.9999995,2014,23,1,2,1,1,buffer,806068,48,12,7,7,10,10,70,16,Flat,Metal Beam Barrier,Bridge Deck
"2,213",7,LA,91,E,499.9999996,2014,23,1,2,1,2,mix,765594,60,12,8,8,0,0,70,99,Flat,Bridge barrier,Concrete
"2,613",7,LA,210,E,499.9999996,2014,23,1,2,1,1,buffer,767939,52,13,11,11,10,10,70,46,Flat,Concrete Barrier,Base & Surface
"3,029",7,LA,405,S,499.9999996,2014,23,1,2,1,4,mix,762608,78,11.1,2,2,10,10,70,6,Flat,Concrete Barrier,Concrete
"2,233",7,LA,91,W,499.9999997,2014,23,1,2,1,1,buffer,773384,84,12,2,2,10,10,70,7,Flat,Concrete Barrier,Concrete
"3,538",8,RIV,91,W,499.9999997,2014,23,2,2,2,2,mix,826662,74,12.3,8,8,9,9,70,12,Flat,Concrete Barrier,Base & Surface
"4,507",12,ORA,405,S,499.9999997,2014,23,1,2,1,1,buffer,1209320,57,11.4,3,3,10,10,70,18,Flat,Concrete Barrier,Concrete
"3,371",8,RIV,60,W,499.9999998,2014,23,1,2,1,1,buffer,823438,36,12,5,5,10,10,70,54,Flat,Concrete Barrier,Concrete
"2,394",7,LA,118,E,499.9999999,2014,23,1,2,1,1,buffer,717531,59,11.8,3,3,10,10,70,8,Flat,Concrete Barrier,Base & Surface
"2,921",7,LA,405,S,499.9999999,2014,23,1,1,0,2,mix,769238,48,12,10,10,10,10,70,22,Flat,Concrete Barrier,Concrete
"3,164",8,SBD,10,E,500,2014,23,1,2,1,1,buffer,806584,48,12,7,7,10,10,70,16,Flat,Metal Beam Barrier,Concrete
"3,494",8,RIV,91,E,500,2014,23,1,1,0,1,continuous,801503,36,12,10,10,8,8,70,22,Flat,Concrete Barrier,Concrete
"2,219",7,LA,91,E,500.0000001,2014,23,1,2,1,1,buffer,768229,56,11.2,2,2,10,10,70,6,Flat,Concrete Barrier,Concrete
"3,109",7,LA,605,S,500.0000002,2014,23,1,2,1,1,buffer,766525,48,12,8,8,10,10,70,36,Flat,Concrete Barrier,Concrete
"2,235",7,LA,91,W,500.0000003,2014,23,1,2,1,1,buffer,717400,68,11.3,2,2,2,2,70,18,Flat,Concrete Barrier,Concrete
"3,521",8,RIV,91,W,500.0000003,2014,23,2,2,2,1,barrier,826662,74,12.3,8,8,9,9,70,12,Flat,Concrete Barrier,Base & Surface
"4,222",12,ORA,55,N,500.0000003,2014,23,1,2,1,2,mix,1203170,44,11,2,2,10,10,70,6,Flat,Concrete Barrier,Concrete
"2,064",7,LA,57,S,500.0000004,2014,23,1,2,1,1,buffer,774857,70,11.7,17,17,10,10,70,22,Flat,Concrete Barrier,Concrete
"2,500",7,LA,134,W,500.0000004,2014,23,1,2,1,1,buffer,717604,56,11.2,3,3,0,0,70,8,Rolling,Concrete Barrier,Bridge Deck
"3,096",7,LA,605,S,500.0000005,2014,23,1,2,1,3,mix,762669,68,11.3,2,2,10,10,70,6,Flat,Concrete Barrier,Bridge Deck
"4,362",12,ORA,91,E,500.0000006,2014,23,1,1,0,1,continuous,1214067,36,12,0,0,8,8,70,22,Flat,Concrete Barrier,Concrete
"2,459",7,LA,134,E,500.0000009,2014,23,1,2,1,2,mix,717586,57,11.4,2,2,10,10,70,6,Rolling,Concrete Barrier,Concrete
"2,988",7,LA,405,S,500.0247815,2014,23,1,2,1,2,mix,775200,48,12,8,8,10,10,70,14,Mountainous,Concrete Barrier,Concrete
"3,562",8,RIV,91,W,499.9999994,2014,24,1,2,1,1,buffer,826232,62,12.4,8,8,10,10,70,18,Flat,Concrete Barrier,Concrete
"3,064",7,LA,605,N,499.9999995,2014,24,1,2,1,1,buffer,766508,48,12,8,8,10,10,70,36,Flat,Concrete Barrier,Concrete
"3,935",12,ORA,5,N,499.9999995,2014,24,1,2,1,1,buffer,1205171,88,12.6,1,1,10,10,70,10,Flat,Concrete Barrier,Base & Surface
"3,972",12,ORA,5,N,499.9999996,2014,24,1,2,1,2,mix,1204876,88,12.6,12,12,10,10,70,26,Flat,Concrete Barrier,Base & Surface
"3,989",12,ORA,5,N,499.9999997,2014,24,1,2,1,1,buffer,1204748,64,12.8,13,13,10,10,70,26,Flat,Concrete Barrier,Base & Surface
"3,262",8,RIV,60,E,499.9999999,2014,24,1,1,0,2,mix,806388,36,12,5,5,10,10,70,70,Flat,Guardrail,Concrete
"3,302",8,RIV,215,N,500,2014,24,1,1,0,2,mix,816134,36,12,5,5,8,8,70,99,Rolling,Bridge barrier,Base & Surface
"1,818",7,LA,5,S,500.0000001,2014,24,1,2,1,1,buffer,775419,58,14.5,10,10,10,10,70,22,Flat,Concrete Barrier,Bridge Deck
"2,218",7,LA,91,E,500.0000002,2014,24,1,2,1,1,buffer,759979,56,11.2,2,2,10,10,70,6,Flat,Concrete Barrier,Concrete
"3,906",11,SD,805,S,500.0000004,2014,24,1,2,1,2,mix,1125948,48,12,8,8,10,10,70,38,Flat,Concrete Barrier,Concrete
"2,931",7,LA,405,S,500.0000009,2014,24,1,2,1,1,buffer,761445,56,11.2,2,2,10,10,70,6,Flat,Concrete Barrier,Bridge Deck
"2,737",7,LA,405,N,500.000001,2014,24,1,2,1,1,buffer,769242,60,12,10,10,10,10,70,22,Flat,Concrete Barrier,Bridge Deck
"2,681",7,LA,210,W,499.9999994,2014,25,1,2,1,1,buffer,717643,70,11.7,2,2,10,10,70,40,Flat,Concrete Barrier,Concrete
"4,547",12,ORA,405,S,499.9999995,2014,25,1,1,0,2,mix,1201313,74,12.3,8,8,10,10,70,18,Flat,Concrete Barrier,Bridge Deck
"4,576",12,ORA,405,S,499.9999995,2014,25,2,2,1,1,buffer,1201939,80,11.4,3,3,10,10,70,8,Flat,Concrete Barrier,Concrete
"3,172",8,SBD,10,E,499.9999996,2014,25,1,1,0,2,mix,806525,48,12,7,7,10,10,70,16,Flat,Metal Beam Barrier,Bridge Deck
"1,880",7,LA,10,W,499.9999997,2014,25,1,1,0,2,mix,768340,48,12,7,7,10,10,70,16,Flat,Concrete Barrier,Bridge Deck
"2,172",7,LA,60,W,499.9999997,2014,25,1,2,1,2,mix,766829,62,12.4,8,8,10,10,70,18,Flat,Concrete Barrier,Bridge Deck
"2,482",7,LA,134,W,499.9999998,2014,25,1,2,1,1,buffer,761038,57,11.4,2,2,10,10,70,6,Rolling,Concrete Barrier,Concrete
"3,766",8,SBD,215,S,499.9999999,2014,25,1,1,0,1,continuous,819769,36,12,5,2,8,8,70,22,Flat,Metal Beam Barrier,Concrete
"4,081",12,ORA,5,S,499.9999999,2014,25,1,2,1,1,buffer,1205026,88,12.6,12,12,10,10,70,26,Flat,Concrete Barrier,Base & Surface
"4,516",12,ORA,405,S,499.9999999,2014,25,1,2,1,2,mix,1201803,62,12.4,3,3,0,0,70,8,Flat,Concrete Barrier,Concrete
"2,256",7,LA,91,W,500,2014,25,1,2,1,1,buffer,768228,56,11.2,2,2,10,10,70,6,Flat,Concrete Barrier,Concrete
"3,819",11,SD,5,N,500.0000001,2014,25,1,2,1,1,buffer,1120107,72,12,8,8,10,10,70,36,Rolling,Metal Beam Barrier,Concrete
"2,239",7,LA,91,W,500.0000002,2014,25,1,2,1,2,mix,773384,84,12,2,2,10,10,70,7,Flat,Concrete Barrier,Concrete
"2,427",7,LA,118,W,500.0000002,2014,25,1,2,1,2,mix,760840,59,11.8,4,4,10,10,70,8,Flat,Concrete Barrier,Base & Surface
"2,696",7,LA,210,W,500.0000002,2014,25,1,2,1,2,mix,717677,60,12,2,2,10,10,70,6,Flat,Concrete Barrier,Concrete
"3,560",8,RIV,91,W,500.0000002,2014,25,1,2,1,1,buffer,826232,62,12.4,8,8,10,10,70,18,Flat,Concrete Barrier,Concrete
"2,909",7,LA,405,S,500.0000003,2014,25,1,2,1,1,buffer,769235,48,12,10,10,10,10,70,22,Flat,Concrete Barrier,Concrete
"3,045",7,LA,605,N,500.0000003,2014,25,2,2,3,4,mix,762616,45,11.3,2,2,10,10,70,6,Flat,Concrete Barrier,Concrete
"3,900",11,SD,805,S,500.0000004,2014,25,1,2,1,1,buffer,1125918,60,12,8,8,10,10,70,30,Flat,Concrete Barrier,Concrete
"3,961",12,ORA,5,N,500.0000006,2014,25,1,2,1,2,mix,1220013,88,12.6,12,12,10,10,70,26,Flat,Concrete Barrier,Bridge Deck
"2,711",7,LA,210,W,500.0000007,2014,25,1,2,1,1,buffer,768027,52,13,22,22,10,10,70,46,Flat,Concrete Barrier,Base & Surface
"3,436",8,RIV,91,E,500.0000008,2014,25,2,2,1,1,buffer,824886,56,11.2,2,2,8,8,70,6,Rolling,Concrete Barrier,Concrete
"2,424",7,LA,118,W,500.0000009,2014,25,1,2,1,1,buffer,760672,71,11.8,4,4,10,10,70,8,Flat,Concrete Barrier,Bridge Deck
"1,847",7,LA,10,E,499.9999992,2014,26,1,2,1,1,buffer,768329,48,12,7,7,10,10,70,16,Flat,Metal Beam Barrier,Concrete
"2,887",7,LA,405,S,499.9999994,2014,26,1,2,1,2,mix,761523,56,11.2,2,2,10,10,70,6,Flat,Concrete Barrier,Base & Surface
"2,893",7,LA,405,S,499.9999995,2014,26,1,2,1,1,buffer,762594,56,11.2,2,2,10,10,70,6,Flat,Concrete Barrier,Concrete
"2,231",7,LA,91,E,499.9999996,2014,26,1,2,1,2,mix,768914,45,11.3,2,2,10,10,70,6,Flat,Concrete Barrier,Concrete
"2,752",7,LA,405,N,499.9999997,2014,26,1,2,1,1,buffer,771865,78,11.1,2,2,0,0,70,6,Flat,Concrete Barrier,Concrete
"4,117",12,ORA,5,S,499.9999997,2014,26,1,2,2,5,mix,1214008,48,12,2,2,10,10,70,18,Flat,Metal Beam Barrier,Concrete
"4,413",12,ORA,91,W,499.9999997,2014,26,1,1,0,1,continuous,1213782,36,12,0,0,8,8,70,22,Flat,Concrete Barrier,Concrete
"2,749",7,LA,405,N,499.9999998,2014,26,1,1,0,2,mix,769265,48,12,10,10,10,10,70,22,Flat,Concrete Barrier,Concrete
"4,398",12,ORA,91,W,499.9999998,2014,26,1,1,0,1,continuous,1212724,36,12,0,0,8,8,70,14,Flat,Concrete Barrier,Concrete
"4,553",12,ORA,405,S,499.9999998,2014,26,1,2,1,1,buffer,1201348,72,12,13,13,10,10,70,18,Flat,Concrete Barrier,Concrete
"1,855",7,LA,10,E,500,2014,26,1,2,1,1,buffer,768363,48,12,7,7,10,10,70,16,Flat,Metal Beam Barrier,Concrete
"2,570",7,LA,210,E,500,2014,26,1,1,0,2,mix,716026,72,12,2,2,10,10,70,6,Flat,Concrete Barrier,Concrete
"2,782",7,LA,405,N,500,2014,26,1,2,1,1,buffer,717738,45,11.3,2,2,10,10,70,6,Flat,Concrete Barrier,Concrete
"4,371",12,ORA,91,E,500,2014,26,1,1,0,1,continuous,1213061,44,11,2,2,8,8,70,14,Flat,Concrete Barrier,Bridge Deck
"4,503",12,ORA,405,N,500,2014,26,2,1,0,1,continuous,1209373,86,12.3,3,3,8,8,70,8,Flat,Concrete Barrier,Concrete
"3,473",8,RIV,91,E,500.0000001,2014,26,1,1,0,3,mix,807271,36,12,10,10,8,8,70,22,Flat,Concrete Barrier,Concrete
"2,972",7,LA,405,S,500.0000002,2014,26,1,2,1,1,buffer,765169,56,11.2,1,1,10,10,70,13,Flat,Concrete Barrier,Concrete
"2,917",7,LA,405,S,500.0000004,2014,26,1,2,1,1,buffer,764559,56,11.2,2,2,10,10,70,6,Flat,Concrete Barrier,Bridge Deck
"3,363",8,RIV,60,W,500.0000005,2014,26,1,2,1,1,buffer,820105,48,12,5,5,10,10,70,70,Flat,Guardrail,Concrete
"4,223",12,ORA,55,N,500.0000005,2014,26,1,1,0,1,continuous,1203170,44,11,2,2,10,10,70,6,Flat,Concrete Barrier,Concrete
"2,417",7,LA,118,W,500.0000008,2014,26,1,2,1,2,mix,766097,59,11.8,4,4,10,10,70,8,Flat,Concrete Barrier,Bridge Deck
"2,539",7,LA,170,S,499.9999992,2014,27,1,2,1,1,buffer,761079,35,11.7,0,0,8,8,55,0,Flat,No Barriers,Base & Surface
"3,025",7,LA,405,S,499.9999992,2014,27,1,2,1,1,buffer,762608,78,11.1,2,2,10,10,70,6,Flat,Concrete Barrier,Concrete
"3,790",8,RIV,215,S,499.9999992,2014,27,1,1,0,1,continuous,819779,36,12,5,5,8,8,70,30,Rolling,Concrete Barrier,Base & Surface
"4,360",12,ORA,91,E,499.9999992,2014,27,1,1,0,1,continuous,1211862,48,12,11,11,10,10,70,22,Flat,Concrete Barrier,Bridge Deck
"3,512",8,RIV,91,W,499.9999994,2014,27,2,2,2,1,barrier,826735,61,12.2,9,9,10,10,70,20,Rolling,Concrete Barrier,Concrete
"3,076",7,LA,605,N,499.9999995,2014,27,1,1,0,2,mix,766516,48,12,8,8,10,10,70,36,Flat,Concrete Barrier,Concrete
"2,839",7,LA,405,N,499.9999996,2014,27,1,1,0,2,mix,762573,56,11.2,15,15,10,10,70,6,Flat,Concrete Barrier,Concrete
"3,234",8,SBD,60,E,499.9999997,2014,27,1,1,0,1,continuous,809978,36,12,5,5,10,10,70,70,Flat,Guardrail,Concrete
"1,861",7,LA,10,E,499.9999999,2014,27,1,2,1,1,buffer,775553,56,11.2,7,7,8,8,70,12,Flat,Concrete Barrier,Bridge Deck
"2,480",7,LA,134,W,499.9999999,2014,27,1,2,1,2,mix,761044,57,11.4,2,2,10,10,70,6,Rolling,Concrete Barrier,Concrete
"3,852",11,SD,805,N,499.9999999,2014,27,1,2,1,1,buffer,1125946,60,12,8,8,10,10,70,30,Flat,Concrete Barrier,Concrete
"4,386",12,ORA,91,E,499.9999999,2014,27,1,2,1,3,mix,1214122,36,12,0,0,10,10,70,99,Flat,Guardrail,Concrete
"4,521",12,ORA,405,S,499.9999999,2014,27,1,2,1,1,buffer,1201765,62,12.4,3,3,10,10,70,8,Flat,Metal Beam Barrier,Concrete
"2,127",7,LA,60,E,500,2014,27,1,2,1,1,buffer,774182,78,11.1,2,2,8,8,70,6,Rolling,Concrete Barrier,Concrete
"3,446",8,RIV,91,E,500,2014,27,2,2,1,1,buffer,826734,61,12.2,9,9,10,10,70,20,Rolling,Concrete Barrier,Concrete
"3,575",8,SBD,210,E,500,2014,27,1,2,1,1,buffer,809210,52,13,10,10,10,10,70,45,Flat,Concrete Barrier,Concrete
"3,933",12,ORA,5,N,500.0000001,2014,27,1,2,2,2,mix,1209827,104,14.9,4,4,10,10,70,8,Flat,Concrete Barrier,Concrete
"1,786",7,LA,5,N,500.0000003,2014,27,1,2,1,1,buffer,775426,84,12,10,10,9,9,70,22,Flat,Concrete Barrier,Concrete
"4,458",12,ORA,405,N,500.0000003,2014,27,1,2,1,1,buffer,1201669,62,12.4,3,3,10,10,70,8,Flat,Concrete Barrier,Concrete
"2,068",7,LA,57,S,500.0000004,2014,27,1,1,0,2,mix,763588,70,11.7,5,5,10,10,70,10,Flat,Concrete Barrier,Concrete
"3,310",8,RIV,60,W,500.0000007,2014,27,1,1,0,1,continuous,810373,24,12,5,5,8,8,70,46,Rolling,Concrete Barrier,Base & Surface
"2,349",7,LA,105,W,500.0000008,2014,27,1,2,1,2,mix,760519,52,13,10,10,10,10,70,50,Flat,Concrete Barrier,Concrete
"4,376",12,ORA,91,E,472.9955059,2014,28,1,1,0,1,continuous,1213911,61,12.2,3,3,10,10,70,20,Flat,Concrete Barrier,Concrete
"2,130",7,LA,60,E,499.9999992,2014,28,1,2,1,1,buffer,766844,62,12.4,8,8,10,10,70,18,Flat,Concrete Barrier,Base & Surface
"4,379",12,ORA,91,E,499.9999994,2014,28,1,1,0,1,continuous,1212126,48,12,11,11,10,10,70,22,Flat,Concrete Barrier,Bridge Deck
"4,274",12,ORA,55,S,499.9999996,2014,28,1,1,0,1,continuous,1203359,44,11,2,2,22,22,70,6,Flat,Concrete Barrier,Base & Surface
"2,614",7,LA,210,E,499.9999997,2014,28,1,2,1,1,buffer,767924,52,13,11,11,10,10,70,46,Flat,Concrete Barrier,Base & Surface
"3,944",12,ORA,5,N,499.9999999,2014,28,1,2,1,2,mix,1205043,88,12.6,12,12,10,10,70,26,Flat,Concrete Barrier,Base & Surface
"4,356",12,ORA,91,E,499.9999999,2014,28,1,1,0,1,continuous,1212773,44,11,2,2,8,8,70,14,Flat,Concrete Barrier,Concrete
"2,504",7,LA,134,W,500,2014,28,1,2,1,2,mix,774206,36,12,8,8,10,10,70,22,Flat,No Barriers,Bridge Deck
"2,726",7,LA,405,N,500,2014,28,1,1,0,2,mix,774099,55,11,3,3,10,10,70,8,Flat,Concrete Barrier,Concrete
"2,876",7,LA,405,N,500,2014,28,1,2,1,3,mix,771769,78,11.1,2,2,8,8,70,6,Flat,Concrete Barrier,Concrete
"3,187",8,SBD,10,W,500,2014,28,1,2,1,2,mix,820201,48,12,8,8,10,10,70,24,Flat,Concrete Barrier,Concrete
"4,385",12,ORA,91,E,500,2014,28,1,2,1,1,buffer,1214065,60,12,11,11,8,8,70,22,Flat,Concrete Barrier,Concrete
"2,874",7,LA,405,N,500.0000001,2014,28,1,2,1,1,buffer,771769,78,11.1,2,2,8,8,70,6,Flat,Concrete Barrier,Concrete
"1,827",7,LA,5,S,500.0000002,2014,28,1,2,1,1,buffer,771153,72,12,8,8,10,10,70,22,Flat,Concrete Barrier,Concrete
"4,449",12,ORA,405,N,500.0000003,2014,28,1,2,1,2,mix,1201821,57,11.4,3,3,10,10,70,8,Flat,Concrete Barrier,Concrete
"2,206",7,LA,91,E,499.9999992,2014,29,1,2,1,2,mix,768934,71,11.8,3,3,8,8,70,7,Flat,Concrete Barrier,Bridge Deck
"2,226",7,LA,91,E,499.9999996,2014,29,1,2,1,1,buffer,766210,67,11.2,2,2,9,9,70,6,Flat,Concrete Barrier,Concrete
"3,357",8,RIV,60,W,499.9999996,2014,29,1,2,1,1,buffer,823433,24,12,5,2,8,8,70,46,Flat,Metal Beam Barrier,Concrete
"3,509",8,RIV,91,W,499.9999996,2014,29,2,2,2,1,barrier,826788,61,12.2,9,9,10,10,70,20,Rolling,Concrete Barrier,Bridge Deck
"3,212",8,SBD,60,E,499.9999998,2014,29,1,1,0,1,continuous,806406,36,12,5,5,10,10,70,70,Flat,Guardrail,Concrete
"3,563",8,RIV,91,W,499.9999998,2014,29,1,2,1,1,buffer,820369,36,12,10,10,8,8,70,22,Flat,Concrete Barrier,Concrete
"4,198",12,ORA,22,W,499.9999998,2014,29,1,1,0,1,continuous,1214770,36,12,5,5,8,8,70,14,Flat,Concrete Barrier,Concrete
"4,212",12,ORA,22,W,500,2014,29,1,1,0,1,continuous,1214971,36,12,5,5,8,8,70,14,Flat,Concrete Barrier,Concrete
"4,397",12,ORA,91,W,500.0000001,2014,29,1,1,0,1,continuous,1213054,36,12,0,0,8,8,70,14,Flat,Concrete Barrier,Concrete
"4,080",12,ORA,5,S,500.0000004,2014,29,1,2,1,1,buffer,1205026,88,12.6,12,12,10,10,70,26,Flat,Concrete Barrier,Base & Surface
"3,390",8,RIV,60,W,499.9999995,2014,30,1,2,1,1,buffer,820850,24,12,5,2,8,8,70,46,Flat,Metal Beam Barrier,Concrete