FID,District,County,Route,Direction,distance,Year,Accidents,Lanes,Access1,Limited,AccessNum,AccessType,ID,RoadWidth,LaneWidth,InnerShoulderWidth,InnerShoulderTreatedWidth,OuterShoulderWidth,OuterShoulderTreatedWidth,DesignSpeedLimit,InnerMedianWidth,Terrain,Barrier,Surface
"2,923",7,LA,405,S,500.0000003,2014,43,1,2,1,1,buffer,718441,56,11.2,2,2,0,0,70,6,Flat,Concrete Barrier,Concrete
"3,106",7,LA,605,S,500.0000003,2014,43,1,2,1,2,mix,762655,48,12,10,10,10,10,70,36,Flat,Concrete Barrier,Concrete
"2,477",7,LA,134,E,500.0000006,2014,43,1,1,0,2,mix,763606,56,11.2,2,2,10,10,70,22,Rolling,Concrete Barrier,Concrete
"3,528",8,RIV,91,W,499.9999996,2014,44,1,2,1,2,mix,820363,36,12,10,10,8,8,70,22,Flat,Concrete Barrier,Concrete
"2,640",7,LA,210,W,499.9999998,2014,44,1,1,0,1,continuous,761318,70,11.7,2,2,10,10,70,46,Flat,Concrete Barrier,Concrete
"2,735",7,LA,405,N,499.9999998,2014,44,1,2,1,1,buffer,772518,55,11,3,3,10,10,70,8,Flat,Concrete Barrier,Bridge Deck
"2,250",7,LA,91,W,499.9999999,2014,44,1,2,1,1,buffer,759986,60,12,2,2,10,10,70,6,Flat,Concrete Barrier,Concrete
"4,412",12,ORA,91,W,500,2014,44,1,1,0,1,continuous,1211943,48,12,11,11,10,10,70,22,Flat,Concrete Barrier,Bridge Deck
"3,077",7,LA,605,N,500.0000002,2014,44,1,2,1,2,mix,766852,48,12,10,10,10,10,70,36,Flat,Concrete Barrier,Concrete
"3,959",12,ORA,5,N,500.0000009,2014,44,1,1,0,2,mix,1204922,76,12.7,12,12,10,10,70,26,Flat,Concrete Barrier,Base & Surface
"3,508",8,RIV,91,W,500.000001,2014,44,2,2,2,1,barrier,826788,61,12.2,9,9,10,10,70,20,Rolling,Concrete Barrier,Bridge Deck
"2,589",7,LA,210,E,499.9999994,2014,45,1,2,1,2,mix,761214,60,12,2,2,10,10,70,6,Flat,Concrete Barrier,Bridge Deck
"3,848",11,SD,805,N,499.9999995,2014,45,1,2,1,1,buffer,1125936,60,12,8,8,10,10,70,30,Flat,Concrete Barrier,Concrete
"3,546",8,RIV,91,W,499.9999996,2014,45,1,2,1,1,buffer,820250,36,12,10,10,8,8,70,22,Flat,Concrete Barrier,Concrete
"3,857",11,SD,805,N,499.9999996,2014,45,1,2,1,1,buffer,1125920,60,12,8,8,10,10,70,60,Flat,Concrete Barrier,Concrete
"3,516",8,RIV,91,W,500.0000003,2014,45,2,2,2,1,barrier,826763,56,11.2,2,2,8,8,70,6,Rolling,Concrete Barrier,Concrete
"2,835",7,LA,405,N,500.0000005,2014,45,1,2,1,2,mix,775226,55,11,4,4,10,10,70,16,Mountainous,Concrete Barrier,Base & Surface
"2,879",7,LA,405,S,499.9999997,2014,46,1,2,1,1,buffer,762518,67,11.2,2,2,10,10,70,6,Flat,Concrete Barrier,Bridge Deck
"3,571",8,RIV,215,S,499.9999998,2014,46,1,1,0,3,mix,825748,36,12,8,8,11,8,70,18,Flat,Concrete Barrier,Base & Surface
"2,976",7,LA,405,S,500,2014,46,1,1,0,2,mix,765271,56,11.2,1,1,0,0,70,6,Flat,Concrete Barrier,Bridge Deck
"2,561",7,LA,210,E,500.0000002,2014,46,1,2,1,1,buffer,761222,60,12,2,2,10,10,70,6,Flat,Concrete Barrier,Bridge Deck
"3,999",12,ORA,5,N,500.0000002,2014,46,2,2,1,3,mix,1212047,100,12.5,22,22,10,10,70,46,Flat,Concrete Barrier,Concrete
"2,802",7,LA,405,N,500.0000005,2014,46,1,2,1,1,buffer,762543,56,11.2,2,2,10,10,70,6,Flat,Concrete Barrier,Concrete
"3,089",7,LA,605,N,499.9999993,2014,47,1,2,1,1,buffer,762634,56,11.2,2,2,10,10,70,6,Flat,Concrete Barrier,Bridge Deck
"2,671",7,LA,210,W,499.9999997,2014,47,1,2,1,1,buffer,761380,55,11,3,3,8,8,70,19,Flat,Concrete Barrier,Concrete
"3,464",8,RIV,91,E,500.0000005,2014,47,1,1,0,1,continuous,806676,62,12.4,8,8,10,10,70,18,Flat,Concrete Barrier,Concrete
"3,715",8,RIV,215,N,500.0000005,2014,47,1,1,0,1,continuous,816114,36,12,5,5,8,8,70,30,Rolling,Concrete Barrier,Base & Surface
"2,184",7,LA,60,W,499.9999999,2014,48,1,2,1,1,buffer,774183,56,11.2,5,5,8,8,70,6,Rolling,Concrete Barrier,Concrete
"2,940",7,LA,405,S,499.9999999,2014,48,1,2,1,1,buffer,769250,45,11.3,2,2,10,10,70,6,Flat,Concrete Barrier,Concrete
"3,001",7,LA,405,S,500,2014,48,1,2,1,1,buffer,772532,48,12,8,8,10,10,70,22,Flat,Concrete Barrier,Concrete
"3,813",11,SD,5,N,500,2014,48,1,2,1,1,buffer,1120394,48,12,8,8,11,11,70,36,Rolling,Concrete Barrier,Concrete
"2,689",7,LA,210,W,500.0000001,2014,48,1,2,1,1,buffer,761325,69,11.5,2,2,10,10,70,50,Flat,Concrete Barrier,Concrete
"2,451",7,LA,134,E,499.9999994,2014,49,1,1,0,2,mix,773881,55,11,2,2,8,8,70,22,Flat,No Barriers,Bridge Deck
"3,710",8,RIV,215,N,499.9999996,2014,49,1,1,0,1,continuous,816048,36,12,5,5,8,8,70,30,Rolling,Concrete Barrier,Base & Surface
"4,068",12,ORA,5,S,499.9999997,2014,49,2,2,1,2,mix,1210322,86,12.3,5,5,10,10,70,10,Flat,Concrete Barrier,Concrete
"2,698",7,LA,210,W,499.9999998,2014,49,1,2,1,1,buffer,767954,52,13,22,22,10,10,70,46,Flat,Concrete Barrier,Base & Surface
"4,168",12,ORA,22,E,499.9999998,2014,49,1,1,0,1,continuous,1214771,36,12,5,5,8,8,70,14,Flat,Concrete Barrier,Concrete
"2,987",7,LA,405,S,499.9999999,2014,49,1,2,1,1,buffer,767260,60,12,8,8,10,10,70,14,Mountainous,Concrete Barrier,Concrete
"2,797",7,LA,405,N,500.0000001,2014,49,1,2,1,1,buffer,717707,67,11.2,2,2,10,10,70,6,Flat,Concrete Barrier,Concrete
"3,176",8,SBD,10,E,500.0000001,2014,49,1,2,1,1,buffer,806773,48,12,8,8,10,10,70,99,Flat,Guardrail,Concrete
"4,005",12,ORA,5,N,500.0000005,2014,49,1,1,0,5,mix,1210034,100,20,4,4,10,10,70,99,Flat,Concrete Barrier,Concrete
"2,693",7,LA,210,W,500.0000006,2014,49,1,2,1,1,buffer,764144,60,12,2,2,10,10,70,6,Flat,Concrete Barrier,Concrete
"4,227",12,ORA,55,N,500.0000006,2014,49,1,1,0,1,continuous,1203219,62,12.4,13,13,10,10,70,18,Flat,Concrete Barrier,Concrete
"3,144",7,LA,605,S,500.0000008,2014,49,1,1,0,2,mix,763475,56,11.2,2,2,10,10,70,6,Flat,Concrete Barrier,Bridge Deck
"2,361",7,LA,105,W,499.9999997,2014,50,1,2,1,1,buffer,760454,52,13,10,10,10,10,70,56,Flat,Concrete Barrier,Concrete
"3,034",7,LA,605,N,499.9999997,2014,50,1,2,1,1,buffer,717876,68,11.3,2,2,10,10,70,6,Flat,Concrete Barrier,Concrete
"3,567",8,RIV,91,W,499.9999997,2014,50,1,2,1,1,buffer,826232,62,12.4,8,8,10,10,70,18,Flat,Concrete Barrier,Concrete
"2,733",7,LA,405,N,499.9999999,2014,50,1,2,1,1,buffer,762549,56,11.2,2,2,10,10,70,6,Flat,Concrete Barrier,Base & Surface
"2,897",7,LA,405,S,500,2014,50,1,2,1,2,mix,774108,48,12,10,10,10,10,70,22,Flat,Concrete Barrier,Concrete
"2,330",7,LA,105,W,500.0000009,2014,50,1,2,1,4,mix,760490,64,12.8,9,9,10,10,70,78,Flat,Concrete Barrier,Concrete
"4,426",12,ORA,91,W,499.9999999,2014,51,1,1,0,1,continuous,1213780,36,12,0,0,8,8,70,22,Flat,Concrete Barrier,Concrete
"3,438",8,RIV,91,E,500,2014,51,2,2,1,1,buffer,826692,56,11.2,2,2,8,8,70,6,Rolling,Concrete Barrier,Concrete
"4,519",12,ORA,405,S,500,2014,51,1,1,0,2,mix,1201717,57,11.4,3,3,10,10,70,8,Flat,Concrete Barrier,Concrete
"3,342",8,SBD,60,W,500.0000002,2014,51,1,1,0,1,continuous,809961,36,12,5,5,10,10,70,70,Flat,Guardrail,Concrete
"2,746",7,LA,405,N,500.0000003,2014,51,1,2,1,3,mix,764676,56,11.2,2,2,10,10,70,6,Flat,Concrete Barrier,Concrete
"2,861",7,LA,405,N,500.0000005,2014,51,1,1,0,2,mix,762565,56,11.2,2,2,10,10,70,6,Flat,Concrete Barrier,Concrete
"2,687",7,LA,210,W,499.9999997,2014,52,1,2,1,1,buffer,769745,60,12,2,2,10,10,70,6,Flat,Concrete Barrier,Concrete
"2,198",7,LA,91,E,500.0000005,2014,52,1,2,1,1,buffer,759967,57,11.4,3,3,10,10,70,7,Flat,Concrete Barrier,Concrete
"2,131",7,LA,60,E,500.0000006,2014,52,1,2,1,1,buffer,766568,74,12.3,8,8,10,10,70,18,Rolling,Concrete Barrier,Base & Surface
"2,656",7,LA,210,W,500.0000007,2014,52,1,1,0,2,mix,761390,60,12,2,2,10,10,70,6,Flat,Concrete Barrier,Concrete
"2,739",7,LA,405,N,499.9999996,2014,53,1,2,1,2,mix,717756,56,11.2,0,0,10,10,70,6,Flat,Concrete Barrier,Bridge Deck
"2,574",7,LA,210,E,500,2014,53,1,2,1,1,buffer,761126,60,12,2,2,10,10,70,6,Flat,Concrete Barrier,Bridge Deck
"1,826",7,LA,5,S,500.0000002,2014,53,1,2,1,2,mix,771153,72,12,8,8,10,10,70,22,Flat,Concrete Barrier,Concrete
"1,872",7,LA,10,W,500.0000005,2014,53,1,2,1,1,buffer,768352,48,12,7,7,10,10,70,16,Flat,Concrete Barrier,Bridge Deck
"2,596",7,LA,210,E,500.0000007,2014,53,1,2,1,1,buffer,769703,72,12,2,2,10,10,70,6,Flat,Concrete Barrier,Bridge Deck
"2,989",7,LA,405,S,499.9752183,2014,54,1,2,1,1,buffer,775169,55,11,3,3,10,10,70,8,Mountainous,Concrete Barrier,Concrete
"2,768",7,LA,405,N,499.9999997,2014,54,1,2,1,2,mix,774097,60,12,10,10,10,10,70,22,Flat,Concrete Barrier,Concrete
"2,769",7,LA,405,N,499.9999998,2014,54,1,2,1,1,buffer,717761,56,11.2,0,0,10,10,70,6,Flat,Concrete Barrier,Bridge Deck
"3,175",8,SBD,10,E,500.0000003,2014,54,1,2,1,1,buffer,806584,48,12,7,7,10,10,70,16,Flat,Metal Beam Barrier,Concrete
"2,116",7,LA,60,E,500.000001,2014,54,1,2,1,2,mix,774949,78,11.1,2,2,8,8,70,6,Rolling,Concrete Barrier,Concrete
"4,259",12,ORA,55,S,499.9999991,2014,55,1,1,0,1,continuous,1203204,62,12.4,3,3,10,10,70,18,Flat,Concrete Barrier,Concrete
"2,981",7,LA,405,S,499.9999994,2014,55,1,2,1,3,mix,764615,56,11.2,1,1,0,0,70,6,Flat,Concrete Barrier,Bridge Deck
"2,189",7,LA,91,E,499.9999999,2014,55,1,2,1,1,buffer,763473,47,11.8,3,3,10,10,70,7,Flat,Concrete Barrier,Concrete
"2,445",7,LA,134,E,499.9999999,2014,55,1,2,1,1,buffer,773907,55,11,2,2,8,8,70,22,Flat,No Barriers,Bridge Deck
"4,078",12,ORA,5,S,500,2014,55,1,2,1,1,buffer,1205173,88,12.6,1,1,10,10,70,14,Flat,Concrete Barrier,Base & Surface
"3,142",7,LA,605,S,499.9999992,2014,56,1,2,1,1,buffer,766936,56,11.2,2,2,10,10,70,20,Flat,Concrete Barrier,Concrete
"2,290",7,LA,105,E,499.9999996,2014,56,1,2,1,1,buffer,760100,52,13,10,10,10,10,70,56,Flat,Concrete Barrier,Concrete
"3,085",7,LA,605,N,500,2014,56,1,2,1,1,buffer,762643,56,11.2,2,2,10,10,70,20,Flat,Concrete Barrier,Concrete
"3,158",7,LA,605,S,500,2014,56,1,2,1,1,buffer,717935,56,11.2,2,2,10,10,70,6,Flat,Concrete Barrier,Concrete
"2,181",7,LA,60,W,500.0000001,2014,56,2,2,1,3,mix,774959,78,11.1,2,2,8,8,70,6,Rolling,Concrete Barrier,Concrete
"3,500",8,RIV,91,E,500.0000005,2014,56,1,2,1,1,buffer,801489,68,11.3,2,2,9,9,70,12,Flat,Concrete Barrier,Base & Surface
"2,837",7,LA,405,N,499.9999995,2014,57,1,1,0,2,mix,775139,56,11.2,2,2,10,10,70,14,Mountainous,Concrete Barrier,Base & Surface
"4,394",12,ORA,91,W,499.9999997,2014,57,1,1,0,1,continuous,1212726,36,12,0,0,8,8,70,22,Flat,Concrete Barrier,Concrete
"1,841",7,LA,10,E,500,2014,57,1,2,1,1,buffer,768360,48,12,7,7,10,10,70,16,Flat,Concrete Barrier,Bridge Deck
"4,455",12,ORA,405,N,500.0000002,2014,57,1,2,1,1,buffer,1213651,74,12.3,3,3,10,10,70,8,Flat,Concrete Barrier,Bridge Deck
"2,734",7,LA,405,N,500.0000003,2014,57,1,2,1,1,buffer,761435,60,12,10,10,10,10,70,12,Flat,Concrete Barrier,Base & Surface
"2,791",7,LA,405,N,500.0000003,2014,57,1,2,1,1,buffer,769255,48,12,10,10,10,10,70,22,Flat,Concrete Barrier,Concrete
"2,195",7,LA,91,E,500.0000007,2014,57,1,2,1,1,buffer,768934,71,11.8,3,3,8,8,70,7,Flat,Concrete Barrier,Bridge Deck
"3,518",8,RIV,91,W,500.0000007,2014,57,2,2,2,1,barrier,824887,56,11.2,2,2,8,8,70,6,Rolling,Concrete Barrier,Concrete
"4,447",12,ORA,405,N,500.0000007,2014,57,1,2,1,1,buffer,1201604,69,11.5,3,3,10,10,70,8,Flat,Concrete Barrier,Concrete
"2,824",7,LA,405,N,500.0168816,2014,57,1,1,0,2,mix,772533,48,12,8,8,10,10,70,22,Flat,Concrete Barrier,Concrete
"2,901",7,LA,405,S,499.9999997,2014,58,1,2,1,1,buffer,762584,67,11.2,3,3,10,10,70,6,Flat,Concrete Barrier,Concrete
"2,665",7,LA,210,W,500.0000002,2014,58,1,2,1,1,buffer,761363,60,12,2,2,10,10,70,6,Flat,Concrete Barrier,Concrete
"2,091",7,LA,60,E,500.0000003,2014,58,1,2,1,1,buffer,774627,48,12,8,8,8,8,70,22,Rolling,Concrete Barrier,Concrete
"2,568",7,LA,210,E,500.0000005,2014,58,1,2,1,1,buffer,761112,69,11.5,2,2,10,10,70,50,Flat,Concrete Barrier,Concrete
"2,974",7,LA,405,S,499.9999994,2014,59,1,2,1,1,buffer,767054,56,11.2,1,1,10,10,70,13,Flat,Concrete Barrier,Concrete
"3,455",8,RIV,91,E,499.9999998,2014,59,2,2,1,1,buffer,826721,61,12.2,9,9,10,10,70,20,Rolling,Concrete Barrier,Bridge Deck
"2,573",7,LA,210,E,499.9999999,2014,59,1,1,0,2,mix,761115,57,11.4,2,2,8,8,70,56,Flat,Concrete Barrier,Bridge Deck
"3,477",8,RIV,91,E,500.0000007,2014,59,1,1,0,2,mix,807325,36,12,5,5,8,8,70,22,Flat,Metal Beam Barrier,Concrete
"3,044",7,LA,605,N,499.9999994,2014,60,1,2,1,1,buffer,717892,68,11.3,2,2,10,10,70,6,Flat,Concrete Barrier,Bridge Deck
"4,578",12,ORA,405,S,499.9999996,2014,60,2,1,0,2,mix,1201939,80,11.4,3,3,10,10,70,8,Flat,Concrete Barrier,Concrete
"3,953",12,ORA,5,N,499.9999998,2014,60,1,1,0,2,mix,1204980,76,12.7,12,12,10,10,70,26,Flat,Concrete Barrier,Base & Surface
"2,302",7,LA,105,E,500.0000001,2014,60,1,2,1,1,buffer,760303,52,13,10,10,10,10,70,56,Flat,Concrete Barrier,Concrete
"4,142",12,ORA,5,S,500.0000003,2014,60,1,1,0,5,mix,1210031,80,16,4,4,10,10,70,10,Flat,Concrete Barrier,Concrete
"2,672",7,LA,210,W,499.9999998,2014,61,1,2,1,1,buffer,761380,55,11,3,3,8,8,70,19,Flat,Concrete Barrier,Concrete
"2,918",7,LA,405,S,500,2014,61,1,1,0,2,mix,762600,56,11.2,2,2,10,10,70,6,Flat,Concrete Barrier,Bridge Deck
"2,294",7,LA,105,E,500.0000002,2014,61,1,2,1,1,buffer,760246,52,13,10,10,10,10,70,50,Flat,Concrete Barrier,Bridge Deck
"2,059",7,LA,57,N,499.9999999,2014,62,1,2,1,1,buffer,763551,60,12,2,2,10,10,70,6,Flat,Concrete Barrier,Concrete
"2,777",7,LA,405,N,499.9999999,2014,63,1,2,1,1,buffer,761441,56,11.2,2,2,10,10,70,6,Flat,Concrete Barrier,Bridge Deck
"2,884",7,LA,405,S,500,2014,63,1,1,0,2,mix,774329,56,11.2,2,2,10,10,70,6,Flat,Concrete Barrier,Bridge Deck
"3,160",8,SBD,10,E,500.0000006,2014,63,1,1,0,2,mix,826149,48,12,8,8,10,10,70,24,Flat,Concrete Barrier,Concrete
"2,867",7,LA,405,N,500.0000003,2014,65,1,1,0,2,mix,775191,56,11.2,2,2,10,10,70,14,Mountainous,Concrete Barrier,Base & Surface
"2,177",7,LA,60,W,500.0000007,2014,65,1,1,0,2,mix,774492,56,11.2,2,2,10,10,70,18,Rolling,Concrete Barrier,Base & Surface
"2,849",7,LA,405,N,499.9999993,2014,66,1,1,0,2,mix,775286,56,11.2,2,2,10,10,70,14,Mountainous,Concrete Barrier,Base & Surface
"3,016",7,LA,405,S,499.9999996,2014,66,1,2,1,3,mix,765169,56,11.2,1,1,10,10,70,13,Flat,Concrete Barrier,Concrete
"2,747",7,LA,405,N,499.9999997,2014,66,1,1,0,2,mix,762528,56,11.2,2,2,10,10,70,6,Flat,Concrete Barrier,Concrete
"2,279",7,LA,105,E,500,2014,66,1,2,1,1,buffer,760199,52,13,10,10,9,9,70,65,Flat,Concrete Barrier,Concrete
"3,435",8,RIV,91,E,500,2014,66,3,1,0,2,mix,801416,60,12,10,10,10,10,70,21,Rolling,Concrete Barrier,Concrete
"2,654",7,LA,210,W,499.9999996,2014,67,1,2,1,1,buffer,761382,72,12,2,2,10,10,70,30,Flat,Concrete Barrier,Concrete
"2,333",7,LA,105,W,499.9999998,2014,67,1,2,1,1,buffer,760454,52,13,10,10,10,10,70,56,Flat,Concrete Barrier,Concrete
"2,858",7,LA,405,N,500.0000002,2014,67,1,1,0,2,mix,775205,56,11.2,2,2,10,10,70,14,Mountainous,Concrete Barrier,Concrete
"3,249",8,RIV,60,E,500.0000003,2014,67,1,2,1,1,buffer,823434,24,12,5,2,8,8,70,46,Flat,Metal Beam Barrier,Concrete
"2,260",7,LA,91,W,500.0000005,2014,67,1,2,1,2,mix,773365,56,11.2,2,2,10,10,70,6,Flat,Concrete Barrier,Concrete
"2,815",7,LA,405,N,500,2014,68,1,1,0,2,mix,775226,55,11,4,4,10,10,70,16,Mountainous,Concrete Barrier,Base & Surface
"3,803",11,SD,5,N,499.9999994,2014,69,1,2,1,1,buffer,1120694,48,12,8,8,10,10,70,36,Rolling,Concrete Barrier,Concrete
"3,063",7,LA,605,N,500,2014,69,1,2,1,1,buffer,762624,56,11.2,2,2,10,10,70,6,Flat,Concrete Barrier,Bridge Deck
"2,319",7,LA,105,E,500.0000004,2014,69,1,2,1,1,buffer,774615,52,13,9,9,10,10,70,78,Flat,Concrete Barrier,Concrete
"2,085",7,LA,60,E,500.0000002,2014,71,1,2,1,1,buffer,774630,48,12,0,0,8,8,70,22,Rolling,Concrete Barrier,Concrete
"2,133",7,LA,60,W,500.0000004,2014,71,1,2,1,1,buffer,773459,48,12,8,8,8,8,70,15,Rolling,Concrete Barrier,Concrete
"2,215",7,LA,91,E,500.0000008,2014,72,1,2,1,1,buffer,759975,57,11.4,2,2,10,10,70,6,Flat,Concrete Barrier,Bridge Deck
"4,569",12,ORA,405,S,499.9999996,2014,73,2,2,1,2,mix,1201975,60,12,5,5,10,10,70,12,Flat,Concrete Barrier,Concrete
"3,013",7,LA,405,S,499.9999999,2014,73,1,2,1,2,mix,775290,48,12,8,8,10,10,70,14,Mountainous,Concrete Barrier,Concrete
"3,108",7,LA,605,S,500.0000003,2014,73,1,2,1,1,buffer,717889,56,11.2,2,2,10,10,70,6,Flat,Concrete Barrier,Bridge Deck
"2,338",7,LA,105,W,499.9999992,2014,74,1,2,1,1,buffer,760147,52,13,10,10,9,9,70,90,Flat,Concrete Barrier,Bridge Deck
"3,071",7,LA,605,N,500.0000003,2014,74,1,2,1,3,mix,762627,56,11.2,2,2,10,10,70,6,Flat,Concrete Barrier,Bridge Deck
"1,839",7,LA,5,S,499.9999997,2014,75,1,2,1,2,mix,774345,48,12,8,8,10,10,70,30,Flat,Concrete Barrier,Concrete
"2,364",7,LA,105,W,499.9999994,2014,76,1,2,1,1,buffer,760604,52,13,10,10,10,10,70,50,Flat,Concrete Barrier,Bridge Deck
"3,021",7,LA,405,S,499.9999999,2014,76,1,1,0,1,continuous,775138,48,12,8,8,10,10,70,14,Mountainous,Concrete Barrier,Concrete
"2,453",7,LA,134,E,499.9999992,2014,77,1,1,0,2,mix,763323,55,11,2,2,8,8,70,22,Flat,No Barriers,Bridge Deck
"2,592",7,LA,210,E,499.9999994,2014,81,1,2,1,1,buffer,761149,68,11.3,3,3,7,7,70,18,Flat,Concrete Barrier,Concrete
"1,869",7,LA,10,W,499.9999998,2014,81,1,2,1,1,buffer,774745,48,12,7,7,10,10,70,16,Flat,Concrete Barrier,Concrete
"2,129",7,LA,60,E,500.0000001,2014,81,1,2,1,1,buffer,766660,56,11.2,2,2,10,10,70,6,Rolling,Concrete Barrier,Base & Surface
"1,784",7,LA,5,N,500.0000009,2014,81,1,2,1,1,buffer,771157,48,12,8,8,10,10,70,30,Flat,Concrete Barrier,Concrete
"1,801",7,LA,5,N,500.0000001,2014,82,1,2,1,1,buffer,775537,72,12,8,8,10,10,70,30,Flat,Concrete Barrier,Concrete
"2,675",7,LA,210,W,500.0000003,2014,84,1,2,1,1,buffer,761339,60,12,2,2,10,10,70,6,Flat,Concrete Barrier,Bridge Deck
"2,318",7,LA,105,E,500,2014,85,1,1,0,2,mix,760224,52,13,10,10,9,9,70,50,Flat,Concrete Barrier,Concrete
"2,967",7,LA,405,S,500.0000007,2014,85,1,2,1,1,buffer,766956,48,12,8,8,10,10,70,14,Mountainous,Concrete Barrier,Concrete
"2,154",7,LA,60,W,499.9999997,2014,86,1,2,1,1,buffer,773423,48,12,8,8,8,8,70,22,Rolling,Concrete Barrier,Concrete
"2,136",7,LA,60,W,500.0000002,2014,86,1,2,1,1,buffer,775339,48,12,8,8,8,8,70,22,Rolling,Concrete Barrier,Concrete
"2,311",7,LA,105,E,500.0000007,2014,86,1,2,1,3,mix,760188,52,13,10,10,10,10,70,50,Flat,Concrete Barrier,Bridge Deck
"3,041",7,LA,605,N,499.9999998,2014,87,1,2,1,1,buffer,717882,68,11.3,2,2,10,10,70,6,Flat,Concrete Barrier,Concrete
"4,495",12,ORA,405,N,500,2014,87,2,2,1,1,buffer,1219584,68,11.3,3,3,10,10,70,8,Flat,Concrete Barrier,Concrete
"2,227",7,LA,91,E,499.9999995,2014,88,1,2,1,4,mix,768909,68,11.3,2,2,2,2,70,6,Flat,Concrete Barrier,Bridge Deck
"2,165",7,LA,60,W,499.9999997,2014,88,1,2,1,1,buffer,766789,56,11.2,2,2,10,10,70,6,Rolling,Concrete Barrier,Base & Surface
"2,666",7,LA,210,W,499.9999997,2014,88,1,2,1,2,mix,717695,60,12,2,2,10,10,70,6,Flat,Concrete Barrier,Bridge Deck
"2,267",7,LA,91,W,500.0000004,2014,89,1,2,1,3,mix,767313,56,11.2,2,2,10,10,70,6,Flat,Concrete Barrier,Concrete
"1,790",7,LA,5,N,499.9999999,2014,90,1,2,1,3,mix,771155,60,12,0,0,8,8,70,22,Flat,Concrete Barrier,Concrete
"2,730",7,LA,405,N,500.0000008,2014,90,1,2,1,1,buffer,769265,48,12,10,10,10,10,70,22,Flat,Concrete Barrier,Concrete
"3,762",8,SBD,215,S,499.9999996,2014,91,1,1,0,1,continuous,825693,36,12,8,8,11,8,70,22,Flat,Concrete Barrier,Base & Surface
"2,719",7,LA,210,W,500.0000008,2014,91,1,2,1,1,buffer,761396,60,12,2,2,10,10,70,6,Flat,Cable Barriers,Bridge Deck
"2,591",7,LA,210,E,499.9999996,2014,92,1,2,1,3,mix,761117,60,12,2,2,10,10,70,6,Flat,Concrete Barrier,Concrete
"3,128",7,LA,605,S,500.0000005,2014,92,1,2,1,1,buffer,762669,68,11.3,2,2,10,10,70,6,Flat,Concrete Barrier,Bridge Deck
"2,659",7,LA,210,W,499.9999995,2014,93,1,2,1,1,buffer,761388,60,12,2,2,10,10,70,6,Flat,Concrete Barrier,Concrete
"2,645",7,LA,210,W,500.0000003,2014,97,1,2,1,1,buffer,761353,60,12,2,2,10,10,70,6,Flat,Concrete Barrier,Concrete
"2,607",7,LA,210,E,500.0000006,2014,97,1,2,1,1,buffer,761199,60,12,2,2,10,10,70,6,Flat,Concrete Barrier,Bridge Deck
"3,127",7,LA,605,S,499.9999995,2014,101,1,2,1,1,buffer,717908,56,11.2,2,2,10,10,70,6,Flat,Concrete Barrier,Concrete
"2,228",7,LA,91,E,499.9999997,2014,101,1,2,1,3,mix,768914,45,11.3,2,2,10,10,70,6,Flat,Concrete Barrier,Concrete
"4,235",12,ORA,55,N,499.9999998,2014,101,1,1,0,3,mix,1209874,48,12,2,2,8,8,70,6,Flat,Concrete Barrier,Concrete
"2,881",7,LA,405,S,500,2014,101,1,2,1,1,buffer,774112,55,11,3,3,10,10,70,8,Flat,Concrete Barrier,Bridge Deck
"2,970",7,LA,405,S,500.0000001,2014,102,1,2,1,1,buffer,766952,48,12,8,8,10,10,70,14,Mountainous,Concrete Barrier,Base & Surface
"3,140",7,LA,605,S,500,2014,106,1,2,1,1,buffer,762671,56,11.2,2,2,10,10,70,6,Flat,Concrete Barrier,Concrete
"2,804",7,LA,405,N,499.9999997,2014,107,1,2,1,2,mix,774095,48,12,8,8,10,10,70,22,Flat,Concrete Barrier,Concrete
"3,015",7,LA,405,S,500.000001,2014,107,1,2,1,1,buffer,775280,48,12,8,8,10,10,70,22,Mountainous,Concrete Barrier,Bridge Deck
"2,668",7,LA,210,W,500,2014,108,1,2,1,1,buffer,717687,60,12,2,2,10,10,70,6,Flat,Concrete Barrier,Concrete
"3,059",7,LA,605,N,499.9999997,2014,110,1,1,0,2,mix,763693,68,11.3,2,2,10,10,70,6,Flat,Concrete Barrier,Bridge Deck
"3,125",7,LA,605,S,500.0000003,2014,113,1,2,1,2,mix,764019,56,11.2,2,2,10,10,70,6,Flat,Concrete Barrier,Bridge Deck
"3,131",7,LA,605,S,500.0000002,2014,131,1,2,1,1,buffer,762673,56,11.2,2,2,10,10,70,6,Flat,Concrete Barrier,Concrete
"2,367",7,LA,105,W,499.9999999,2014,134,1,2,1,1,buffer,760572,52,13,10,10,9,9,70,68,Flat,Concrete Barrier,Bridge Deck
"4,498",12,ORA,405,N,499.9999996,2014,135,1,2,1,1,buffer,1201971,60,12,5,5,10,10,70,12,Flat,Concrete Barrier,Concrete
"4,579",12,ORA,405,S,500,2014,150,2,2,1,3,mix,1209356,86,12.3,3,3,10,10,70,8,Flat,Concrete Barrier,Concrete